id,day,scenario_label,area,area_label,group_size,arrival_time,hour,stay_duration_minutes,seating_preference,seating_preference_label,result_level,result_label,score,candidate_count,top_store_name,top_store_category,top_store_total_seats,top_store_free_seats,top_store_occupied_seats,top_store_occupancy_ratio,top_store_max_contiguous,top_store_max_open_contiguous,top_store_max_split,top_store_available_tables,plan_kind,plan_table_count,occupancy_blocked,blocked_store_count,blocked_store_names,top_reason
req-00025,1,MT 뒤풀이,campus_nearby,캠퍼스 주변,9,18:09,18시대,110,any,같은 매장이면 괜찮음,inquiry_recommended,문의 권장,54.6,1,넓은홀식당,식당형 술집,48,40,8,0.1667,18,18,48,9,together_combined,3,false,0,,빈자리는 있으나 피크 시간대 점유와 테이블 결합 여유가 작아 문의가 필요합니다.
req-00033,1,소규모 술자리,food_street,먹자골목,4,18:28,18시대,89,together,붙어 앉기 선호,together_likely,같이 앉기 가능성 높음,90.89,2,큰마당호프,호프,54,40,14,0.2593,18,16,54,11,together_single,1,false,0,,현재 빈 테이블 기준으로 4인 테이블 1개 배정이 가능합니다.
req-00006,1,과 행사 뒤풀이,station,역 앞,12,18:30,18시대,158,split_ok,일부 분리 가능,split_only,분리 착석 가능,61.5,2,조용한룸,이자카야,30,30,0,0,10,10,30,7,split,2,false,0,,붙어 앉기는 어렵지만 현재 빈 테이블 2개로 분리 착석은 가능합니다.
req-00002,1,과 행사 뒤풀이,food_street,먹자골목,9,18:53,18시대,160,any,같은 매장이면 괜찮음,inquiry_recommended,문의 권장,52.6,2,큰마당호프,호프,54,36,18,0.3333,18,16,54,10,together_combined,3,false,0,,빈자리는 있으나 피크 시간대 점유와 테이블 결합 여유가 작아 문의가 필요합니다.
req-00020,1,소규모 술자리,campus_nearby,캠퍼스 주변,2,18:57,18시대,107,together,붙어 앉기 선호,together_likely,같이 앉기 가능성 높음,91,1,넓은홀식당,식당형 술집,48,36,12,0.25,18,18,48,8,together_single,1,false,0,,현재 빈 테이블 기준으로 2인 테이블 1개 배정이 가능합니다.
req-00015,1,소규모 술자리,front_gate,정문,3,19:02,19시대,105,together,붙어 앉기 선호,together_likely,같이 앉기 가능성 높음,90.07,2,강의끝포차,포차,34,24,10,0.2941,8,8,34,7,together_single,1,false,0,,현재 빈 테이블 기준으로 4인 테이블 1개 배정이 가능합니다.
req-00001,1,동아리 소모임,front_gate,정문,6,19:15,19시대,100,together,붙어 앉기 선호,inquiry_recommended,문의 권장,38.92,1,강의끝포차,포차,34,8,26,0.7647,8,6,34,3,together_combined,2,true,1,긴테이블집,빈자리는 있으나 피크 시간대 점유와 테이블 결합 여유가 작아 문의가 필요합니다.
req-00026,1,친구 모임,back_gate,후문,6,20:25,20시대,128,any,같은 매장이면 괜찮음,split_only,분리 착석 가능,50.3,3,둥근테이블,술집,30,8,22,0.7333,4,4,30,3,split,2,true,2,후문마당 | 골목분식포차,붙어 앉기는 어렵지만 현재 빈 테이블 2개로 분리 착석은 가능합니다.
req-00013,1,학생회 행사 후 모임,front_gate,정문,10,20:31,20시대,142,together,붙어 앉기 선호,inquiry_recommended,문의 권장,31.1,1,긴테이블집,한식주점,30,12,18,0.6,10,6,30,2,split,2,true,2,긴테이블집 | 강의끝포차,붙어 앉기 요청 기준으로는 현재 연속 좌석이 부족합니다.
req-00017,1,소규모 술자리,back_gate,후문,4,20:34,20시대,128,split_ok,일부 분리 가능,together_likely,같이 앉기 가능성 높음,77.4,3,둥근테이블,술집,30,8,22,0.7333,4,4,30,3,together_single,1,true,2,후문마당 | 골목분식포차,현재 빈 테이블 기준으로 4인 테이블 1개 배정이 가능합니다.
req-00019,1,소규모 술자리,back_gate,후문,2,20:35,20시대,100,split_ok,일부 분리 가능,together_likely,같이 앉기 가능성 높음,79,3,둥근테이블,술집,30,8,22,0.7333,4,4,30,3,together_single,1,true,1,후문마당,현재 빈 테이블 기준으로 2인 테이블 1개 배정이 가능합니다.
req-00012,1,과 행사 뒤풀이,food_street,먹자골목,12,20:40,20시대,122,split_ok,일부 분리 가능,inquiry_recommended,문의 권장,33.12,1,큰마당호프,호프,54,10,44,0.8148,18,6,54,3,together_combined,4,true,2,큰마당호프 | 반칸라운지,입장 가능 여부는 매장에 대기/정리 시간을 문의해야 합니다.
req-00009,1,동아리 소모임,food_street,먹자골목,5,21:09,21시대,154,any,같은 매장이면 괜찮음,inquiry_recommended,문의 권장,49.6,2,반칸라운지,라운지,40,10,30,0.75,20,6,40,3,together_single,1,false,0,,빈자리는 있으나 피크 시간대 점유와 테이블 결합 여유가 작아 문의가 필요합니다.
req-00003,1,동아리 소모임,front_gate,정문,5,21:37,21시대,121,any,같은 매장이면 괜찮음,inquiry_recommended,문의 권장,46.63,2,강의끝포차,포차,34,10,24,0.7059,8,6,34,4,together_combined,2,false,0,,빈자리는 있으나 피크 시간대 점유와 테이블 결합 여유가 작아 문의가 필요합니다.
req-00027,1,동아리 소모임,food_street,먹자골목,6,21:39,21시대,118,any,같은 매장이면 괜찮음,inquiry_recommended,문의 권장,55.44,2,큰마당호프,호프,54,20,34,0.6296,18,12,54,6,together_single,1,true,1,반칸라운지,빈자리는 있으나 피크 시간대 점유와 테이블 결합 여유가 작아 문의가 필요합니다.
req-00031,1,동아리 전체 모임,food_street,먹자골목,13,22:03,22시대,132,any,같은 매장이면 괜찮음,split_only,분리 착석 가능,49,2,반칸라운지,라운지,40,18,22,0.55,20,10,40,5,split,3,false,0,,붙어 앉기는 어렵지만 현재 빈 테이블 3개로 분리 착석은 가능합니다.
req-00023,1,학생회 행사 후 모임,back_gate,후문,10,22:07,22시대,171,split_ok,일부 분리 가능,split_only,분리 착석 가능,43.4,2,둥근테이블,술집,30,12,18,0.6,4,4,30,4,split,3,true,2,후문마당 | 골목분식포차,붙어 앉기는 어렵지만 현재 빈 테이블 3개로 분리 착석은 가능합니다.
req-00021,1,친구 모임,food_street,먹자골목,5,22:43,22시대,99,split_ok,일부 분리 가능,inquiry_recommended,문의 권장,54.6,2,반칸라운지,라운지,40,16,24,0.6,20,8,40,4,together_single,1,false,0,,빈자리는 있으나 피크 시간대 점유와 테이블 결합 여유가 작아 문의가 필요합니다.
req-00034,1,과 행사 뒤풀이,food_street,먹자골목,9,22:43,22시대,137,split_ok,일부 분리 가능,inquiry_recommended,문의 권장,40.71,1,큰마당호프,호프,54,14,40,0.7407,18,12,54,5,together_combined,3,true,1,반칸라운지,빈자리는 있으나 피크 시간대 점유와 테이블 결합 여유가 작아 문의가 필요합니다.
req-00007,1,소규모 술자리,front_gate,정문,3,22:45,22시대,89,any,같은 매장이면 괜찮음,together_likely,같이 앉기 가능성 높음,84.2,2,긴테이블집,한식주점,30,14,16,0.5333,10,10,30,2,together_single,1,false,0,,현재 빈 테이블 기준으로 4인 테이블 1개 배정이 가능합니다.
req-00022,1,MT 뒤풀이,back_gate,후문,10,22:58,22시대,122,any,같은 매장이면 괜찮음,split_only,분리 착석 가능,48.8,2,둥근테이블,술집,30,14,16,0.5333,4,4,30,5,split,3,true,2,후문마당 | 골목분식포차,붙어 앉기는 어렵지만 현재 빈 테이블 3개로 분리 착석은 가능합니다.
req-00016,1,조모임 뒤풀이,station,역 앞,8,23:01,23시대,111,any,같은 매장이면 괜찮음,together_likely,같이 앉기 가능성 높음,83,2,조용한룸,이자카야,30,16,14,0.4667,10,10,30,3,together_single,1,false,0,,현재 빈 테이블 기준으로 룸 테이블 1개 배정이 가능합니다.
req-00004,1,동아리 전체 모임,food_street,먹자골목,11,23:17,23시대,173,any,같은 매장이면 괜찮음,inquiry_recommended,문의 권장,35.57,1,큰마당호프,호프,54,12,42,0.7778,18,12,54,4,together_combined,4,true,1,반칸라운지,빈자리는 있으나 피크 시간대 점유와 테이블 결합 여유가 작아 문의가 필요합니다.
req-00029,1,동아리 소모임,food_street,먹자골목,5,23:40,23시대,90,together,붙어 앉기 선호,inquiry_recommended,문의 권장,46.6,1,큰마당호프,호프,54,18,36,0.6667,18,12,54,4,together_single,1,true,1,반칸라운지,빈자리는 있으나 피크 시간대 점유와 테이블 결합 여유가 작아 문의가 필요합니다.
req-00028,1,소규모 술자리,back_gate,후문,2,23:50,23시대,87,any,같은 매장이면 괜찮음,together_likely,같이 앉기 가능성 높음,85.53,3,후문마당,고깃집,36,22,14,0.3889,12,12,36,5,together_single,1,false,0,,현재 빈 테이블 기준으로 4인 테이블 1개 배정이 가능합니다.
req-00024,1,친구 모임,food_street,먹자골목,3,23:51,23시대,112,split_ok,일부 분리 가능,inquiry_recommended,문의 권장,46.33,1,큰마당호프,호프,54,6,48,0.8889,18,6,54,2,together_single,1,true,1,반칸라운지,빈자리는 있으나 피크 시간대 점유와 테이블 결합 여유가 작아 문의가 필요합니다.
req-00008,1,과 행사 뒤풀이,front_gate,정문,9,00:23(+1),24시대(0시대),135,split_ok,일부 분리 가능,inquiry_recommended,문의 권장,34.32,1,강의끝포차,포차,34,6,28,0.8235,8,4,34,3,split,3,true,2,강의끝포차 | 긴테이블집,입장 가능 여부는 매장에 대기/정리 시간을 문의해야 합니다.
req-00032,1,소규모 술자리,back_gate,후문,2,00:24(+1),24시대(0시대),122,any,같은 매장이면 괜찮음,together_likely,같이 앉기 가능성 높음,88.97,3,골목분식포차,분식포차,14,10,4,0.2857,4,4,14,4,together_single,1,true,1,후문마당,현재 빈 테이블 기준으로 2인 테이블 1개 배정이 가능합니다.
req-00014,1,친구 모임,back_gate,후문,4,00:25(+1),24시대(0시대),86,together,붙어 앉기 선호,together_likely,같이 앉기 가능성 높음,84.06,3,골목분식포차,분식포차,14,8,6,0.4286,4,4,14,3,together_single,1,true,1,후문마당,현재 빈 테이블 기준으로 4인 테이블 1개 배정이 가능합니다.
req-00005,1,친구 모임,front_gate,정문,6,00:47(+1),24시대(0시대),146,together,붙어 앉기 선호,together_likely,같이 앉기 가능성 높음,84.4,2,긴테이블집,한식주점,30,14,16,0.5333,10,10,30,2,together_single,1,false,0,,현재 빈 테이블 기준으로 10인 긴 테이블 1개 배정이 가능합니다.
req-00010,1,동아리 전체 모임,front_gate,정문,14,01:03(+1),25시대(1시대),133,together,붙어 앉기 선호,difficult,현재 조건에서는 어려움,0.47,0,강의끝포차,포차,34,24,10,0.2941,8,8,34,8,none,0,false,0,,붙어 앉기 선호 요청이지만 이 매장의 최대 붙여 앉기 가능 인원은 8명입니다.
req-00030,1,학생회 행사 후 모임,food_street,먹자골목,11,01:14(+1),25시대(1시대),128,split_ok,일부 분리 가능,inquiry_recommended,문의 권장,53,2,반칸라운지,라운지,40,28,12,0.3,20,14,40,6,together_combined,3,false,0,,빈자리는 있으나 피크 시간대 점유와 테이블 결합 여유가 작아 문의가 필요합니다.
req-00018,1,동아리 소모임,food_street,먹자골목,8,01:15(+1),25시대(1시대),111,together,붙어 앉기 선호,together_likely,같이 앉기 가능성 높음,90.4,2,반칸라운지,라운지,40,28,12,0.3,20,14,40,6,together_single,1,false,0,,현재 빈 테이블 기준으로 8인 긴 테이블 1개 배정이 가능합니다.
req-00011,1,조모임 뒤풀이,food_street,먹자골목,8,01:30(+1),25시대(1시대),112,together,붙어 앉기 선호,together_likely,같이 앉기 가능성 높음,81.7,2,반칸라운지,라운지,40,16,24,0.6,20,10,40,4,together_combined,2,false,0,,현재 빈 테이블 기준으로 2개 테이블 결합 배정이 가능합니다.
req-00060,2,동아리 전체 모임,station,역 앞,10,18:26,18시대,170,split_ok,일부 분리 가능,together_likely,같이 앉기 가능성 높음,90,2,조용한룸,이자카야,30,30,0,0,10,10,30,7,together_single,1,false,0,,현재 빈 테이블 기준으로 룸 테이블 1개 배정이 가능합니다.
req-00047,2,소규모 술자리,station,역 앞,2,18:48,18시대,123,together,붙어 앉기 선호,together_likely,같이 앉기 가능성 높음,92.67,2,작은잔,바,18,16,2,0.1111,4,4,18,5,together_single,1,false,0,,현재 빈 테이블 기준으로 2인 테이블 1개 배정이 가능합니다.
req-00051,2,친구 모임,front_gate,정문,4,18:50,18시대,123,split_ok,일부 분리 가능,together_likely,같이 앉기 가능성 높음,90.47,2,강의끝포차,포차,34,24,10,0.2941,8,8,34,7,together_single,1,false,0,,현재 빈 테이블 기준으로 4인 테이블 1개 배정이 가능합니다.
req-00067,2,조모임 뒤풀이,back_gate,후문,7,19:21,19시대,95,together,붙어 앉기 선호,difficult,현재 조건에서는 어려움,8,0,둥근테이블,술집,30,30,0,0,4,4,30,9,none,0,true,1,후문마당,붙어 앉기 선호 요청이지만 이 매장의 최대 붙여 앉기 가능 인원은 4명입니다.
req-00053,2,조모임 뒤풀이,station,역 앞,7,19:37,19시대,139,split_ok,일부 분리 가능,split_only,분리 착석 가능,54.17,2,작은잔,바,18,10,8,0.4444,4,4,18,3,split,2,true,1,조용한룸,붙어 앉기는 어렵지만 현재 빈 테이블 2개로 분리 착석은 가능합니다.
req-00063,2,동아리 전체 모임,food_street,먹자골목,12,20:23,20시대,150,any,같은 매장이면 괜찮음,inquiry_recommended,문의 권장,29.1,1,큰마당호프,호프,54,0,54,1,18,0,54,0,together_combined,2,true,2,큰마당호프 | 반칸라운지,입장 가능 여부는 매장에 대기/정리 시간을 문의해야 합니다.
req-00038,2,조모임 뒤풀이,station,역 앞,6,20:33,20시대,112,together,붙어 앉기 선호,inquiry_recommended,문의 권장,36.3,1,조용한룸,이자카야,30,8,22,0.7333,10,6,30,3,together_combined,2,false,0,,빈자리는 있으나 피크 시간대 점유와 테이블 결합 여유가 작아 문의가 필요합니다.
req-00040,2,친구 모임,back_gate,후문,2,20:51,20시대,88,split_ok,일부 분리 가능,together_likely,같이 앉기 가능성 높음,79.34,2,골목분식포차,분식포차,14,6,8,0.5714,4,4,14,2,together_single,1,true,1,후문마당,현재 빈 테이블 기준으로 2인 테이블 1개 배정이 가능합니다.
req-00036,2,소규모 술자리,food_street,먹자골목,4,20:57,20시대,80,split_ok,일부 분리 가능,inquiry_recommended,문의 권장,43.89,1,큰마당호프,호프,54,4,50,0.9259,18,4,54,1,together_single,1,true,1,반칸라운지,빈자리는 있으나 피크 시간대 점유와 테이블 결합 여유가 작아 문의가 필요합니다.
req-00037,2,조모임 뒤풀이,front_gate,정문,6,20:57,20시대,129,together,붙어 앉기 선호,together_likely,같이 앉기 가능성 높음,81.4,2,긴테이블집,한식주점,30,14,16,0.5333,10,10,30,2,together_single,1,false,0,,현재 빈 테이블 기준으로 10인 긴 테이블 1개 배정이 가능합니다.
req-00043,2,조모임 뒤풀이,back_gate,후문,5,20:57,20시대,134,split_ok,일부 분리 가능,inquiry_recommended,문의 권장,39.73,1,골목분식포차,분식포차,14,4,10,0.7143,4,4,14,1,split,2,true,3,골목분식포차 | 후문마당 | 둥근테이블,입장 가능 여부는 매장에 대기/정리 시간을 문의해야 합니다.
req-00065,2,소규모 술자리,station,역 앞,3,21:14,21시대,135,together,붙어 앉기 선호,together_likely,같이 앉기 가능성 높음,87.93,2,작은잔,바,18,14,4,0.2222,4,4,18,5,together_single,1,true,1,조용한룸,현재 빈 테이블 기준으로 4인 테이블 1개 배정이 가능합니다.
req-00042,2,조모임 뒤풀이,food_street,먹자골목,7,21:19,21시대,96,together,붙어 앉기 선호,inquiry_recommended,문의 권장,43.1,2,큰마당호프,호프,54,18,36,0.6667,18,16,54,5,together_combined,2,true,1,반칸라운지,빈자리는 있으나 피크 시간대 점유와 테이블 결합 여유가 작아 문의가 필요합니다.
req-00048,2,과 행사 뒤풀이,food_street,먹자골목,11,21:24,21시대,135,any,같은 매장이면 괜찮음,inquiry_recommended,문의 권장,43.2,2,큰마당호프,호프,54,18,36,0.6667,18,16,54,5,together_combined,3,true,1,반칸라운지,빈자리는 있으나 피크 시간대 점유와 테이블 결합 여유가 작아 문의가 필요합니다.
req-00058,2,소규모 술자리,food_street,먹자골목,3,21:40,21시대,108,split_ok,일부 분리 가능,together_likely,같이 앉기 가능성 높음,81.71,1,큰마당호프,호프,54,14,40,0.7407,18,14,54,4,together_single,1,true,1,반칸라운지,현재 빈 테이블 기준으로 4인 테이블 1개 배정이 가능합니다.
req-00035,2,조모임 뒤풀이,food_street,먹자골목,5,21:56,21시대,120,split_ok,일부 분리 가능,inquiry_recommended,문의 권장,38.6,2,반칸라운지,라운지,40,0,40,1,20,0,40,0,together_single,1,true,2,반칸라운지 | 큰마당호프,입장 가능 여부는 매장에 대기/정리 시간을 문의해야 합니다.
req-00055,2,과 행사 뒤풀이,food_street,먹자골목,13,22:17,22시대,150,any,같은 매장이면 괜찮음,split_only,분리 착석 가능,40.51,1,큰마당호프,호프,54,14,40,0.7407,18,12,54,5,split,5,true,1,반칸라운지,붙어 앉기는 어렵지만 현재 빈 테이블 5개로 분리 착석은 가능합니다.
req-00050,2,조모임 뒤풀이,station,역 앞,8,22:29,22시대,125,split_ok,일부 분리 가능,inquiry_recommended,문의 권장,40.3,1,조용한룸,이자카야,30,6,24,0.8,10,6,30,2,together_combined,2,true,2,조용한룸 | 작은잔,입장 가능 여부는 매장에 대기/정리 시간을 문의해야 합니다.
req-00057,2,친구 모임,food_street,먹자골목,4,22:35,22시대,110,split_ok,일부 분리 가능,together_likely,같이 앉기 가능성 높음,82.11,2,큰마당호프,호프,54,14,40,0.7407,18,12,54,5,together_single,1,false,0,,현재 빈 테이블 기준으로 4인 테이블 1개 배정이 가능합니다.
req-00062,2,동아리 전체 모임,food_street,먹자골목,10,22:40,22시대,157,split_ok,일부 분리 가능,inquiry_recommended,문의 권장,34.72,2,큰마당호프,호프,54,10,44,0.8148,18,10,54,4,together_combined,4,true,1,반칸라운지,빈자리는 있으나 피크 시간대 점유와 테이블 결합 여유가 작아 문의가 필요합니다.
req-00066,2,조모임 뒤풀이,campus_nearby,캠퍼스 주변,6,22:55,22시대,93,together,붙어 앉기 선호,inquiry_recommended,문의 권장,44.9,1,넓은홀식당,식당형 술집,48,14,34,0.7083,18,8,48,4,together_single,1,false,0,,빈자리는 있으나 피크 시간대 점유와 테이블 결합 여유가 작아 문의가 필요합니다.
req-00045,2,조모임 뒤풀이,front_gate,정문,8,23:13,23시대,110,split_ok,일부 분리 가능,inquiry_recommended,문의 권장,37.71,2,강의끝포차,포차,34,4,30,0.8824,8,4,34,1,together_combined,2,true,2,강의끝포차 | 긴테이블집,입장 가능 여부는 매장에 대기/정리 시간을 문의해야 합니다.
req-00061,2,동아리 소모임,food_street,먹자골목,6,23:17,23시대,128,split_ok,일부 분리 가능,inquiry_recommended,문의 권장,38.2,1,큰마당호프,호프,54,0,54,1,18,0,54,0,together_single,1,true,2,큰마당호프 | 반칸라운지,입장 가능 여부는 매장에 대기/정리 시간을 문의해야 합니다.
req-00044,2,과 행사 뒤풀이,front_gate,정문,14,23:29,23시대,124,any,같은 매장이면 괜찮음,inquiry_recommended,문의 권장,30.83,1,강의끝포차,포차,34,10,24,0.7059,8,8,34,3,split,4,true,2,강의끝포차 | 긴테이블집,입장 가능 여부는 매장에 대기/정리 시간을 문의해야 합니다.
req-00041,2,조모임 뒤풀이,back_gate,후문,6,23:41,23시대,144,together,붙어 앉기 선호,inquiry_recommended,문의 권장,30.43,1,후문마당,고깃집,36,4,32,0.8889,12,4,36,1,together_combined,2,true,2,후문마당 | 골목분식포차,입장 가능 여부는 매장에 대기/정리 시간을 문의해야 합니다.
req-00059,2,친구 모임,food_street,먹자골목,6,23:44,23시대,149,split_ok,일부 분리 가능,inquiry_recommended,문의 권장,42.08,2,큰마당호프,호프,54,8,46,0.8519,18,8,54,2,together_combined,2,false,0,,빈자리는 있으나 피크 시간대 점유와 테이블 결합 여유가 작아 문의가 필요합니다.
req-00068,2,조모임 뒤풀이,food_street,먹자골목,6,23:44,23시대,125,together,붙어 앉기 선호,inquiry_recommended,문의 권장,33.3,2,반칸라운지,라운지,40,6,34,0.85,20,6,40,2,together_combined,2,true,1,큰마당호프,빈자리는 있으나 피크 시간대 점유와 테이블 결합 여유가 작아 문의가 필요합니다.
req-00064,2,동아리 소모임,food_street,먹자골목,7,23:51,23시대,151,split_ok,일부 분리 가능,inquiry_recommended,문의 권장,41.68,1,큰마당호프,호프,54,8,46,0.8519,18,8,54,2,together_combined,2,true,1,반칸라운지,빈자리는 있으나 피크 시간대 점유와 테이블 결합 여유가 작아 문의가 필요합니다.
req-00049,2,동아리 소모임,back_gate,후문,8,23:56,23시대,115,any,같은 매장이면 괜찮음,split_only,분리 착석 가능,55.67,3,골목분식포차,분식포차,14,10,4,0.2857,4,4,14,3,split,2,true,1,후문마당,붙어 앉기는 어렵지만 현재 빈 테이블 2개로 분리 착석은 가능합니다.
req-00056,2,동아리 전체 모임,station,역 앞,12,00:09(+1),24시대(0시대),133,split_ok,일부 분리 가능,difficult,현재 조건에서는 어려움,0,0,조용한룸,이자카야,30,10,20,0.6667,10,10,30,1,none,0,true,2,조용한룸 | 작은잔,현재 점유 중인 테이블 때문에 요청 인원에 맞는 빈 테이블 조합이 부족합니다.
req-00039,2,친구 모임,station,역 앞,3,00:23(+1),24시대(0시대),91,split_ok,일부 분리 가능,together_likely,같이 앉기 가능성 높음,85.87,1,작은잔,바,18,10,8,0.4444,4,4,18,4,together_single,1,true,1,조용한룸,현재 빈 테이블 기준으로 4인 테이블 1개 배정이 가능합니다.
req-00054,2,친구 모임,front_gate,정문,3,00:54(+1),24시대(0시대),91,any,같은 매장이면 괜찮음,together_likely,같이 앉기 가능성 높음,87.2,2,긴테이블집,한식주점,30,14,16,0.5333,10,10,30,2,together_single,1,false,0,,현재 빈 테이블 기준으로 4인 테이블 1개 배정이 가능합니다.
req-00052,2,친구 모임,station,역 앞,5,01:31(+1),25시대(1시대),105,split_ok,일부 분리 가능,inquiry_recommended,문의 권장,47.7,2,조용한룸,이자카야,30,8,22,0.7333,10,6,30,3,together_combined,2,true,1,작은잔,빈자리는 있으나 피크 시간대 점유와 테이블 결합 여유가 작아 문의가 필요합니다.
req-00046,2,친구 모임,back_gate,후문,2,01:43(+1),25시대(1시대),81,together,붙어 앉기 선호,together_likely,같이 앉기 가능성 높음,87.87,3,후문마당,고깃집,36,20,16,0.4444,12,12,36,5,together_single,1,false,0,,현재 빈 테이블 기준으로 4인 테이블 1개 배정이 가능합니다.
req-00088,3,친구 모임,back_gate,후문,3,18:39,18시대,113,any,같은 매장이면 괜찮음,together_likely,같이 앉기 가능성 높음,92,3,둥근테이블,술집,30,26,4,0.1333,4,4,30,7,together_single,1,false,0,,현재 빈 테이블 기준으로 4인 테이블 1개 배정이 가능합니다.
req-00083,3,동아리 소모임,back_gate,후문,5,18:47,18시대,115,split_ok,일부 분리 가능,together_likely,같이 앉기 가능성 높음,91.6,2,후문마당,고깃집,36,30,6,0.1667,12,12,36,7,together_single,1,true,1,골목분식포차,현재 빈 테이블 기준으로 6인 긴 테이블 1개 배정이 가능합니다.
req-00069,3,소규모 술자리,food_street,먹자골목,4,18:48,18시대,122,together,붙어 앉기 선호,together_likely,같이 앉기 가능성 높음,86.8,2,반칸라운지,라운지,40,16,24,0.6,20,12,40,5,together_single,1,false,0,,현재 빈 테이블 기준으로 4인 테이블 1개 배정이 가능합니다.
req-00092,3,동아리 소모임,back_gate,후문,8,18:53,18시대,115,split_ok,일부 분리 가능,split_only,분리 착석 가능,51.1,2,둥근테이블,술집,30,10,20,0.6667,4,4,30,3,split,2,true,1,골목분식포차,붙어 앉기는 어렵지만 현재 빈 테이블 2개로 분리 착석은 가능합니다.
req-00101,3,소규모 술자리,back_gate,후문,4,19:02,19시대,105,split_ok,일부 분리 가능,split_only,분리 착석 가능,48.93,1,골목분식포차,분식포차,14,4,10,0.7143,4,2,14,2,split,2,true,3,골목분식포차 | 후문마당 | 둥근테이블,붙어 앉기는 어렵지만 현재 빈 테이블 2개로 분리 착석은 가능합니다.
req-00085,3,친구 모임,front_gate,정문,4,19:34,19시대,128,any,같은 매장이면 괜찮음,together_likely,같이 앉기 가능성 높음,82.8,2,긴테이블집,한식주점,30,10,20,0.6667,10,6,30,2,together_single,1,false,0,,현재 빈 테이블 기준으로 4인 테이블 1개 배정이 가능합니다.
req-00102,3,학생회 행사 후 모임,station,역 앞,10,19:47,19시대,145,any,같은 매장이면 괜찮음,difficult,현재 조건에서는 어려움,0,0,조용한룸,이자카야,30,4,26,0.8667,10,4,30,1,none,0,true,2,조용한룸 | 작은잔,현재 점유 중인 테이블 때문에 요청 인원에 맞는 빈 테이블 조합이 부족합니다.
req-00093,3,동아리 전체 모임,food_street,먹자골목,9,20:34,20시대,122,split_ok,일부 분리 가능,inquiry_recommended,문의 권장,46.58,2,큰마당호프,호프,54,26,28,0.5185,18,16,54,6,together_combined,3,true,1,반칸라운지,빈자리는 있으나 피크 시간대 점유와 테이블 결합 여유가 작아 문의가 필요합니다.
req-00097,3,조모임 뒤풀이,front_gate,정문,5,20:44,20시대,124,together,붙어 앉기 선호,inquiry_recommended,문의 권장,29,1,긴테이블집,한식주점,30,0,30,1,10,0,30,0,together_single,1,true,2,긴테이블집 | 강의끝포차,입장 가능 여부는 매장에 대기/정리 시간을 문의해야 합니다.
req-00079,3,조모임 뒤풀이,station,역 앞,8,21:02,21시대,132,split_ok,일부 분리 가능,split_only,분리 착석 가능,56.63,2,작은잔,바,18,14,4,0.2222,4,4,18,5,split,2,false,0,,붙어 앉기는 어렵지만 현재 빈 테이블 2개로 분리 착석은 가능합니다.
req-00094,3,조모임 뒤풀이,station,역 앞,5,21:07,21시대,147,together,붙어 앉기 선호,inquiry_recommended,문의 권장,39.1,1,조용한룸,이자카야,30,10,20,0.6667,10,8,30,3,together_combined,2,false,0,,빈자리는 있으나 피크 시간대 점유와 테이블 결합 여유가 작아 문의가 필요합니다.
req-00081,3,과 행사 뒤풀이,food_street,먹자골목,9,21:18,21시대,143,split_ok,일부 분리 가능,inquiry_recommended,문의 권장,53.6,2,반칸라운지,라운지,40,40,0,0,20,20,40,9,together_combined,3,false,0,,빈자리는 있으나 피크 시간대 점유와 테이블 결합 여유가 작아 문의가 필요합니다.
req-00095,3,소규모 술자리,station,역 앞,3,21:30,21시대,123,any,같은 매장이면 괜찮음,together_likely,같이 앉기 가능성 높음,82.6,2,조용한룸,이자카야,30,12,18,0.6,10,8,30,4,together_single,1,false,0,,현재 빈 테이블 기준으로 4인 테이블 1개 배정이 가능합니다.
req-00087,3,조모임 뒤풀이,food_street,먹자골목,6,21:41,21시대,132,together,붙어 앉기 선호,together_likely,같이 앉기 가능성 높음,88,2,반칸라운지,라운지,40,30,10,0.25,20,12,40,7,together_single,1,false,0,,현재 빈 테이블 기준으로 6인 긴 테이블 1개 배정이 가능합니다.
req-00076,3,소규모 술자리,back_gate,후문,3,21:46,21시대,108,together,붙어 앉기 선호,together_likely,같이 앉기 가능성 높음,87.4,3,둥근테이블,술집,30,22,8,0.2667,4,4,30,7,together_single,1,false,0,,현재 빈 테이블 기준으로 4인 테이블 1개 배정이 가능합니다.
req-00089,3,친구 모임,front_gate,정문,8,22:22,22시대,125,split_ok,일부 분리 가능,together_likely,같이 앉기 가능성 높음,90.2,2,긴테이블집,한식주점,30,30,0,0,10,10,30,5,together_single,1,false,0,,현재 빈 테이블 기준으로 10인 긴 테이블 1개 배정이 가능합니다.
req-00075,3,학생회 행사 후 모임,back_gate,후문,9,22:25,22시대,127,split_ok,일부 분리 가능,split_only,분리 착석 가능,45.97,1,골목분식포차,분식포차,14,10,4,0.2857,4,4,14,3,split,3,true,2,후문마당 | 둥근테이블,붙어 앉기는 어렵지만 현재 빈 테이블 3개로 분리 착석은 가능합니다.
req-00100,3,MT 뒤풀이,food_street,먹자골목,11,22:28,22시대,172,together,붙어 앉기 선호,inquiry_recommended,문의 권장,40.27,2,큰마당호프,호프,54,30,24,0.4444,18,16,54,8,together_combined,3,true,1,반칸라운지,빈자리는 있으나 피크 시간대 점유와 테이블 결합 여유가 작아 문의가 필요합니다.
req-00090,3,동아리 소모임,station,역 앞,5,22:29,22시대,116,together,붙어 앉기 선호,difficult,현재 조건에서는 어려움,0,0,조용한룸,이자카야,30,4,26,0.8667,10,4,30,2,none,0,true,1,조용한룸,현재 점유 중인 테이블 때문에 요청 인원에 맞는 빈 테이블 조합이 부족합니다.
req-00071,3,조모임 뒤풀이,back_gate,후문,8,22:37,22시대,151,split_ok,일부 분리 가능,split_only,분리 착석 가능,52.67,2,골목분식포차,분식포차,14,10,4,0.2857,4,4,14,3,split,2,true,1,둥근테이블,붙어 앉기는 어렵지만 현재 빈 테이블 2개로 분리 착석은 가능합니다.
req-00084,3,조모임 뒤풀이,food_street,먹자골목,6,22:37,22시대,108,together,붙어 앉기 선호,together_likely,같이 앉기 가능성 높음,85.67,2,큰마당호프,호프,54,30,24,0.4444,18,16,54,8,together_single,1,false,0,,현재 빈 테이블 기준으로 6인 긴 테이블 1개 배정이 가능합니다.
req-00096,3,동아리 소모임,station,역 앞,6,22:37,22시대,143,any,같은 매장이면 괜찮음,split_only,분리 착석 가능,58.3,1,작은잔,바,18,12,6,0.3333,4,4,18,4,split,2,true,1,조용한룸,붙어 앉기는 어렵지만 현재 빈 테이블 2개로 분리 착석은 가능합니다.
req-00086,3,조모임 뒤풀이,front_gate,정문,8,22:41,22시대,95,together,붙어 앉기 선호,inquiry_recommended,문의 권장,43.85,1,강의끝포차,포차,34,18,16,0.4706,8,6,34,6,split,2,true,2,강의끝포차 | 긴테이블집,붙어 앉기 요청 기준으로는 현재 연속 좌석이 부족합니다.
req-00073,3,학생회 행사 후 모임,back_gate,후문,11,22:49,22시대,161,any,같은 매장이면 괜찮음,difficult,현재 조건에서는 어려움,0,0,후문마당,고깃집,36,8,28,0.7778,12,8,36,2,none,0,true,3,후문마당 | 둥근테이블 | 골목분식포차,현재 점유 중인 테이블 때문에 요청 인원에 맞는 빈 테이블 조합이 부족합니다.
req-00099,3,과 행사 뒤풀이,campus_nearby,캠퍼스 주변,14,22:49,22시대,155,split_ok,일부 분리 가능,split_only,분리 착석 가능,46.8,1,넓은홀식당,식당형 술집,48,20,28,0.5833,18,12,48,5,split,3,true,1,넓은홀식당,붙어 앉기는 어렵지만 현재 빈 테이블 3개로 분리 착석은 가능합니다.
req-00080,3,동아리 소모임,station,역 앞,7,23:05,23시대,101,split_ok,일부 분리 가능,inquiry_recommended,문의 권장,41,2,조용한룸,이자카야,30,4,26,0.8667,10,4,30,2,together_single,1,true,2,조용한룸 | 작은잔,입장 가능 여부는 매장에 대기/정리 시간을 문의해야 합니다.
req-00077,3,조모임 뒤풀이,front_gate,정문,5,23:06,23시대,123,split_ok,일부 분리 가능,inquiry_recommended,문의 권장,42.02,1,강의끝포차,포차,34,6,28,0.8235,8,6,34,2,together_combined,2,true,1,긴테이블집,빈자리는 있으나 피크 시간대 점유와 테이블 결합 여유가 작아 문의가 필요합니다.
req-00074,3,소규모 술자리,food_street,먹자골목,3,23:16,23시대,82,split_ok,일부 분리 가능,together_likely,같이 앉기 가능성 높음,78.42,1,큰마당호프,호프,54,10,44,0.8148,18,6,54,2,together_single,1,true,1,반칸라운지,현재 좌석 점유율이 높습니다.
req-00072,3,친구 모임,back_gate,후문,4,00:11(+1),24시대(0시대),112,any,같은 매장이면 괜찮음,split_only,분리 착석 가능,51.93,3,골목분식포차,분식포차,14,4,10,0.7143,4,2,14,2,split,2,true,1,둥근테이블,붙어 앉기는 어렵지만 현재 빈 테이블 2개로 분리 착석은 가능합니다.
req-00091,3,소규모 술자리,station,역 앞,4,00:25(+1),24시대(0시대),123,any,같은 매장이면 괜찮음,together_likely,같이 앉기 가능성 높음,80.4,2,조용한룸,이자카야,30,8,22,0.7333,10,6,30,3,together_single,1,false,0,,현재 빈 테이블 기준으로 4인 테이블 1개 배정이 가능합니다.
req-00098,3,친구 모임,food_street,먹자골목,4,00:35(+1),24시대(0시대),134,any,같은 매장이면 괜찮음,together_likely,같이 앉기 가능성 높음,92.2,2,반칸라운지,라운지,40,34,6,0.15,20,20,40,7,together_single,1,false,0,,현재 빈 테이블 기준으로 4인 테이블 1개 배정이 가능합니다.
req-00082,3,동아리 소모임,food_street,먹자골목,7,01:07(+1),25시대(1시대),97,split_ok,일부 분리 가능,together_likely,같이 앉기 가능성 높음,92.4,2,반칸라운지,라운지,40,36,4,0.1,20,20,40,8,together_single,1,false,0,,현재 빈 테이블 기준으로 8인 긴 테이블 1개 배정이 가능합니다.
req-00070,3,동아리 소모임,back_gate,후문,7,01:26(+1),25시대(1시대),152,together,붙어 앉기 선호,together_likely,같이 앉기 가능성 높음,82.63,1,후문마당,고깃집,36,16,20,0.5556,12,12,36,4,together_combined,2,false,0,,현재 빈 테이블 기준으로 2개 테이블 결합 배정이 가능합니다.
req-00078,3,과 행사 뒤풀이,back_gate,후문,11,01:53(+1),25시대(1시대),124,split_ok,일부 분리 가능,split_only,분리 착석 가능,57.2,2,둥근테이블,술집,30,24,6,0.2,4,4,30,7,split,3,true,1,골목분식포차,붙어 앉기는 어렵지만 현재 빈 테이블 3개로 분리 착석은 가능합니다.
req-00104,4,친구 모임,food_street,먹자골목,4,18:00,18시대,116,together,붙어 앉기 선호,together_likely,같이 앉기 가능성 높음,94,2,반칸라운지,라운지,40,40,0,0,20,20,40,9,together_single,1,false,0,,현재 빈 테이블 기준으로 4인 테이블 1개 배정이 가능합니다.
req-00112,4,동아리 전체 모임,food_street,먹자골목,9,18:01,18시대,137,together,붙어 앉기 선호,inquiry_recommended,문의 권장,48.6,2,반칸라운지,라운지,40,40,0,0,20,20,40,9,together_combined,3,false,0,,빈자리는 있으나 피크 시간대 점유와 테이블 결합 여유가 작아 문의가 필요합니다.
req-00108,4,소규모 술자리,back_gate,후문,3,18:33,18시대,125,any,같은 매장이면 괜찮음,together_likely,같이 앉기 가능성 높음,93.6,3,둥근테이블,술집,30,30,0,0,4,4,30,9,together_single,1,false,0,,현재 빈 테이블 기준으로 4인 테이블 1개 배정이 가능합니다.
req-00136,4,학생회 행사 후 모임,back_gate,후문,14,18:58,18시대,138,split_ok,일부 분리 가능,split_only,분리 착석 가능,56.9,1,둥근테이블,술집,30,26,4,0.1333,4,4,30,8,split,4,true,2,후문마당 | 골목분식포차,붙어 앉기는 어렵지만 현재 빈 테이블 4개로 분리 착석은 가능합니다.
req-00133,4,학생회 행사 후 모임,back_gate,후문,13,19:01,19시대,177,split_ok,일부 분리 가능,split_only,분리 착석 가능,46.9,1,둥근테이블,술집,30,16,14,0.4667,4,4,30,5,split,4,true,2,후문마당 | 골목분식포차,붙어 앉기는 어렵지만 현재 빈 테이블 4개로 분리 착석은 가능합니다.
req-00128,4,조모임 뒤풀이,food_street,먹자골목,8,19:03,19시대,113,split_ok,일부 분리 가능,split_only,분리 착석 가능,51.37,1,큰마당호프,호프,54,12,42,0.7778,18,6,54,4,split,2,true,2,큰마당호프 | 반칸라운지,현재 좌석 점유율이 높습니다.
req-00127,4,소규모 술자리,food_street,먹자골목,3,19:21,19시대,125,split_ok,일부 분리 가능,inquiry_recommended,문의 권장,45.83,1,큰마당호프,호프,54,6,48,0.8889,18,6,54,3,together_combined,2,true,1,반칸라운지,빈자리는 있으나 피크 시간대 점유와 테이블 결합 여유가 작아 문의가 필요합니다.
req-00122,4,과 행사 뒤풀이,food_street,먹자골목,10,19:39,19시대,132,together,붙어 앉기 선호,difficult,현재 조건에서는 어려움,0,0,반칸라운지,라운지,40,0,40,1,20,0,40,0,none,0,true,2,반칸라운지 | 큰마당호프,현재 점유 중인 테이블 때문에 요청 인원에 맞는 빈 테이블 조합이 부족합니다.
req-00105,4,학생회 행사 후 모임,front_gate,정문,10,19:40,19시대,120,split_ok,일부 분리 가능,difficult,현재 조건에서는 어려움,0,0,긴테이블집,한식주점,30,0,30,1,10,0,30,0,none,0,true,2,긴테이블집 | 강의끝포차,현재 점유 중인 테이블 때문에 요청 인원에 맞는 빈 테이블 조합이 부족합니다.
req-00125,4,친구 모임,station,역 앞,2,19:57,19시대,99,any,같은 매장이면 괜찮음,together_likely,같이 앉기 가능성 높음,81.2,2,작은잔,바,18,6,12,0.6667,4,4,18,2,together_single,1,false,0,,현재 빈 테이블 기준으로 2인 테이블 1개 배정이 가능합니다.
req-00114,4,동아리 전체 모임,station,역 앞,13,20:00,20시대,142,split_ok,일부 분리 가능,inquiry_recommended,문의 권장,27.5,1,조용한룸,이자카야,30,2,28,0.9333,10,2,30,1,split,2,true,2,조용한룸 | 작은잔,입장 가능 여부는 매장에 대기/정리 시간을 문의해야 합니다.
req-00120,4,조모임 뒤풀이,front_gate,정문,8,20:10,20시대,134,together,붙어 앉기 선호,inquiry_recommended,문의 권장,32.02,1,강의끝포차,포차,34,6,28,0.8235,8,6,34,2,together_combined,2,true,2,강의끝포차 | 긴테이블집,입장 가능 여부는 매장에 대기/정리 시간을 문의해야 합니다.
req-00124,4,동아리 소모임,front_gate,정문,5,20:23,20시대,126,split_ok,일부 분리 가능,difficult,현재 조건에서는 어려움,0,0,긴테이블집,한식주점,30,4,26,0.8667,10,4,30,1,none,0,true,2,긴테이블집 | 강의끝포차,현재 점유 중인 테이블 때문에 요청 인원에 맞는 빈 테이블 조합이 부족합니다.
req-00135,4,조모임 뒤풀이,food_street,먹자골목,7,20:53,20시대,115,split_ok,일부 분리 가능,together_likely,같이 앉기 가능성 높음,81.32,2,큰마당호프,호프,54,28,26,0.4815,18,14,54,7,together_combined,2,false,0,,현재 빈 테이블 기준으로 2개 테이블 결합 배정이 가능합니다.
req-00113,4,조모임 뒤풀이,food_street,먹자골목,8,20:58,20시대,131,any,같은 매장이면 괜찮음,inquiry_recommended,문의 권장,50.44,1,큰마당호프,호프,54,20,34,0.6296,18,12,54,5,together_combined,3,true,1,반칸라운지,빈자리는 있으나 피크 시간대 점유와 테이블 결합 여유가 작아 문의가 필요합니다.
req-00115,4,소규모 술자리,back_gate,후문,3,21:02,21시대,131,together,붙어 앉기 선호,together_likely,같이 앉기 가능성 높음,81.8,3,후문마당,고깃집,36,12,24,0.6667,12,12,36,3,together_single,1,false,0,,현재 빈 테이블 기준으로 4인 테이블 1개 배정이 가능합니다.
req-00132,4,친구 모임,back_gate,후문,2,21:47,21시대,131,any,같은 매장이면 괜찮음,together_likely,같이 앉기 가능성 높음,87,3,둥근테이블,술집,30,20,10,0.3333,4,4,30,6,together_single,1,false,0,,현재 빈 테이블 기준으로 2인 테이블 1개 배정이 가능합니다.
req-00129,4,동아리 소모임,back_gate,후문,8,21:48,21시대,107,together,붙어 앉기 선호,difficult,현재 조건에서는 어려움,0,0,후문마당,고깃집,36,4,32,0.8889,12,4,36,1,none,0,true,2,후문마당 | 골목분식포차,현재 점유 중인 테이블 때문에 요청 인원에 맞는 빈 테이블 조합이 부족합니다.
req-00121,4,조모임 뒤풀이,back_gate,후문,6,22:01,22시대,130,together,붙어 앉기 선호,difficult,현재 조건에서는 어려움,0,0,후문마당,고깃집,36,4,32,0.8889,12,4,36,1,none,0,true,1,후문마당,현재 점유 중인 테이블 때문에 요청 인원에 맞는 빈 테이블 조합이 부족합니다.
req-00131,4,소규모 술자리,campus_nearby,캠퍼스 주변,2,22:04,22시대,86,any,같은 매장이면 괜찮음,together_likely,같이 앉기 가능성 높음,82,1,넓은홀식당,식당형 술집,48,12,36,0.75,18,6,48,3,together_single,1,false,0,,현재 좌석 점유율이 높습니다.
req-00119,4,소규모 술자리,front_gate,정문,2,22:11,22시대,84,split_ok,일부 분리 가능,together_likely,같이 앉기 가능성 높음,76.32,1,강의끝포차,포차,34,6,28,0.8235,8,4,34,3,together_single,1,true,1,긴테이블집,현재 좌석 점유율이 높습니다.
req-00106,4,친구 모임,back_gate,후문,7,22:14,22시대,95,together,붙어 앉기 선호,difficult,현재 조건에서는 어려움,0,0,후문마당,고깃집,36,4,32,0.8889,12,4,36,1,none,0,true,2,후문마당 | 골목분식포차,현재 점유 중인 테이블 때문에 요청 인원에 맞는 빈 테이블 조합이 부족합니다.
req-00107,4,친구 모임,food_street,먹자골목,3,22:23,22시대,99,any,같은 매장이면 괜찮음,together_likely,같이 앉기 가능성 높음,79.67,2,큰마당호프,호프,54,12,42,0.7778,18,6,54,4,together_single,1,false,0,,현재 좌석 점유율이 높습니다.
req-00134,4,친구 모임,station,역 앞,6,22:23,22시대,134,split_ok,일부 분리 가능,split_only,분리 착석 가능,52.37,2,작은잔,바,18,10,8,0.4444,4,4,18,3,split,2,false,0,,붙어 앉기는 어렵지만 현재 빈 테이블 2개로 분리 착석은 가능합니다.
req-00103,4,조모임 뒤풀이,food_street,먹자골목,6,22:27,22시대,134,split_ok,일부 분리 가능,inquiry_recommended,문의 권장,39.33,1,큰마당호프,호프,54,6,48,0.8889,18,6,54,3,together_combined,3,true,1,반칸라운지,빈자리는 있으나 피크 시간대 점유와 테이블 결합 여유가 작아 문의가 필요합니다.
req-00110,4,학생회 행사 후 모임,front_gate,정문,9,22:27,22시대,111,split_ok,일부 분리 가능,split_only,분리 착석 가능,45.54,1,강의끝포차,포차,34,14,20,0.5882,8,8,34,4,split,3,true,1,긴테이블집,붙어 앉기는 어렵지만 현재 빈 테이블 3개로 분리 착석은 가능합니다.
req-00109,4,조모임 뒤풀이,front_gate,정문,5,22:59,22시대,92,any,같은 매장이면 괜찮음,inquiry_recommended,문의 권장,38.6,2,강의끝포차,포차,34,0,34,1,8,0,34,0,together_single,1,true,2,강의끝포차 | 긴테이블집,입장 가능 여부는 매장에 대기/정리 시간을 문의해야 합니다.
req-00118,4,친구 모임,front_gate,정문,8,23:15,23시대,92,together,붙어 앉기 선호,inquiry_recommended,문의 권장,39.8,2,긴테이블집,한식주점,30,10,20,0.6667,10,10,30,1,together_single,1,true,1,강의끝포차,빈자리는 있으나 피크 시간대 점유와 테이블 결합 여유가 작아 문의가 필요합니다.
req-00123,4,친구 모임,back_gate,후문,2,23:16,23시대,83,split_ok,일부 분리 가능,together_likely,같이 앉기 가능성 높음,81.4,3,둥근테이블,술집,30,10,20,0.6667,4,4,30,3,together_single,1,false,0,,현재 빈 테이블 기준으로 2인 테이블 1개 배정이 가능합니다.
req-00116,4,친구 모임,front_gate,정문,3,23:39,23시대,80,split_ok,일부 분리 가능,together_likely,같이 앉기 가능성 높음,82.04,2,강의끝포차,포차,34,12,22,0.6471,8,6,34,3,together_single,1,true,1,긴테이블집,현재 빈 테이블 기준으로 4인 테이블 1개 배정이 가능합니다.
req-00126,4,친구 모임,station,역 앞,3,00:29(+1),24시대(0시대),83,any,같은 매장이면 괜찮음,split_only,분리 착석 가능,51.57,2,작은잔,바,18,4,14,0.7778,4,2,18,2,split,2,false,0,,현재 좌석 점유율이 높습니다.
req-00117,4,조모임 뒤풀이,back_gate,후문,7,00:34(+1),24시대(0시대),150,split_ok,일부 분리 가능,together_likely,같이 앉기 가능성 높음,78.1,1,후문마당,고깃집,36,12,24,0.6667,12,12,36,3,together_combined,2,true,2,둥근테이블 | 골목분식포차,현재 빈 테이블 기준으로 2개 테이블 결합 배정이 가능합니다.
req-00111,4,친구 모임,back_gate,후문,4,00:49(+1),24시대(0시대),109,any,같은 매장이면 괜찮음,together_likely,같이 앉기 가능성 높음,87.33,3,후문마당,고깃집,36,16,20,0.5556,12,12,36,4,together_single,1,false,0,,현재 빈 테이블 기준으로 4인 테이블 1개 배정이 가능합니다.
req-00130,4,소규모 술자리,front_gate,정문,3,00:54(+1),24시대(0시대),87,split_ok,일부 분리 가능,together_likely,같이 앉기 가능성 높음,87.95,2,강의끝포차,포차,34,18,16,0.4706,8,8,34,6,together_single,1,false,0,,현재 빈 테이블 기준으로 4인 테이블 1개 배정이 가능합니다.
req-00141,5,친구 모임,food_street,먹자골목,2,18:02,18시대,118,any,같은 매장이면 괜찮음,together_likely,같이 앉기 가능성 높음,94,2,반칸라운지,라운지,40,40,0,0,20,20,40,9,together_single,1,false,0,,현재 빈 테이블 기준으로 2인 테이블 1개 배정이 가능합니다.
req-00154,5,친구 모임,back_gate,후문,2,18:20,18시대,113,together,붙어 앉기 선호,together_likely,같이 앉기 가능성 높음,89.2,3,둥근테이블,술집,30,18,12,0.4,4,4,30,5,together_single,1,false,0,,현재 빈 테이블 기준으로 2인 테이블 1개 배정이 가능합니다.
req-00143,5,동아리 소모임,food_street,먹자골목,6,18:34,18시대,152,any,같은 매장이면 괜찮음,together_likely,같이 앉기 가능성 높음,92.22,2,큰마당호프,호프,54,46,8,0.1481,18,18,54,12,together_single,1,false,0,,현재 빈 테이블 기준으로 6인 긴 테이블 1개 배정이 가능합니다.
req-00147,5,동아리 소모임,food_street,먹자골목,7,18:40,18시대,149,split_ok,일부 분리 가능,together_likely,같이 앉기 가능성 높음,86.99,2,큰마당호프,호프,54,40,14,0.2593,18,16,54,11,together_combined,2,false,0,,현재 빈 테이블 기준으로 2개 테이블 결합 배정이 가능합니다.
req-00157,5,소규모 술자리,back_gate,후문,3,18:43,18시대,84,any,같은 매장이면 괜찮음,together_likely,같이 앉기 가능성 높음,86.93,3,후문마당,고깃집,36,16,20,0.5556,12,12,36,4,together_single,1,false,0,,현재 빈 테이블 기준으로 4인 테이블 1개 배정이 가능합니다.
req-00138,5,조모임 뒤풀이,back_gate,후문,7,19:05,19시대,91,any,같은 매장이면 괜찮음,together_likely,같이 앉기 가능성 높음,78.1,2,후문마당,고깃집,36,12,24,0.6667,12,12,36,3,together_combined,2,true,1,골목분식포차,현재 빈 테이블 기준으로 2개 테이블 결합 배정이 가능합니다.
req-00151,5,친구 모임,front_gate,정문,3,19:17,19시대,116,together,붙어 앉기 선호,together_likely,같이 앉기 가능성 높음,80.42,1,강의끝포차,포차,34,8,26,0.7647,8,6,34,3,together_single,1,true,1,긴테이블집,현재 좌석 점유율이 높습니다.
req-00165,5,친구 모임,food_street,먹자골목,3,19:31,19시대,135,any,같은 매장이면 괜찮음,inquiry_recommended,문의 권장,49,2,반칸라운지,라운지,40,6,34,0.85,20,6,40,1,together_single,1,false,0,,빈자리는 있으나 피크 시간대 점유와 테이블 결합 여유가 작아 문의가 필요합니다.
req-00148,5,동아리 소모임,back_gate,후문,5,19:42,19시대,102,together,붙어 앉기 선호,inquiry_recommended,문의 권장,33.83,1,후문마당,고깃집,36,4,32,0.8889,12,4,36,1,together_combined,2,true,2,후문마당 | 골목분식포차,입장 가능 여부는 매장에 대기/정리 시간을 문의해야 합니다.
req-00146,5,동아리 소모임,back_gate,후문,8,19:57,19시대,123,together,붙어 앉기 선호,together_likely,같이 앉기 가능성 높음,77.7,1,후문마당,고깃집,36,12,24,0.6667,12,12,36,3,together_combined,2,true,1,둥근테이블,현재 빈 테이블 기준으로 2개 테이블 결합 배정이 가능합니다.
req-00150,5,소규모 술자리,food_street,먹자골목,3,20:49,20시대,87,together,붙어 앉기 선호,together_likely,같이 앉기 가능성 높음,79.2,2,반칸라운지,라운지,40,10,30,0.75,20,6,40,2,together_single,1,true,1,큰마당호프,현재 좌석 점유율이 높습니다.
req-00140,5,소규모 술자리,back_gate,후문,4,20:54,20시대,114,any,같은 매장이면 괜찮음,together_likely,같이 앉기 가능성 높음,85.4,3,둥근테이블,술집,30,16,14,0.4667,4,4,30,5,together_single,1,false,0,,현재 빈 테이블 기준으로 4인 테이블 1개 배정이 가능합니다.
req-00162,5,친구 모임,food_street,먹자골목,7,21:00,21시대,154,together,붙어 앉기 선호,inquiry_recommended,문의 권장,29.59,1,큰마당호프,호프,54,4,50,0.9259,18,4,54,1,together_combined,2,true,2,큰마당호프 | 반칸라운지,입장 가능 여부는 매장에 대기/정리 시간을 문의해야 합니다.
req-00166,5,친구 모임,food_street,먹자골목,4,21:05,21시대,108,any,같은 매장이면 괜찮음,inquiry_recommended,문의 권장,43.89,1,큰마당호프,호프,54,4,50,0.9259,18,4,54,1,together_single,1,true,1,반칸라운지,빈자리는 있으나 피크 시간대 점유와 테이블 결합 여유가 작아 문의가 필요합니다.
req-00170,5,학생회 행사 후 모임,campus_nearby,캠퍼스 주변,11,21:09,21시대,134,any,같은 매장이면 괜찮음,together_likely,같이 앉기 가능성 높음,78.6,1,넓은홀식당,식당형 술집,48,30,18,0.375,18,18,48,6,together_combined,2,false,0,,현재 빈 테이블 기준으로 2개 테이블 결합 배정이 가능합니다.
req-00168,5,소규모 술자리,front_gate,정문,3,21:16,21시대,98,together,붙어 앉기 선호,together_likely,같이 앉기 가능성 높음,77.8,2,긴테이블집,한식주점,30,10,20,0.6667,10,10,30,1,together_single,1,false,0,,현재 빈 테이블 기준으로 10인 긴 테이블 1개 배정이 가능합니다.
req-00158,5,과 행사 뒤풀이,food_street,먹자골목,13,21:30,21시대,164,together,붙어 앉기 선호,inquiry_recommended,문의 권장,33.64,1,큰마당호프,호프,54,20,34,0.6296,18,12,54,5,split,3,true,2,큰마당호프 | 반칸라운지,붙어 앉기 요청 기준으로는 현재 연속 좌석이 부족합니다.
req-00155,5,동아리 소모임,back_gate,후문,6,21:51,21시대,141,together,붙어 앉기 선호,inquiry_recommended,문의 권장,34.97,1,후문마당,고깃집,36,8,28,0.7778,12,8,36,2,together_combined,2,true,1,둥근테이블,빈자리는 있으나 피크 시간대 점유와 테이블 결합 여유가 작아 문의가 필요합니다.
req-00153,5,학생회 행사 후 모임,back_gate,후문,13,21:55,21시대,141,any,같은 매장이면 괜찮음,difficult,현재 조건에서는 어려움,1.8,0,골목분식포차,분식포차,14,14,0,0,4,4,14,5,none,0,true,3,골목분식포차 | 후문마당 | 둥근테이블,현재 점유 중인 테이블 때문에 요청 인원에 맞는 빈 테이블 조합이 부족합니다.
req-00142,5,과 행사 뒤풀이,station,역 앞,12,22:00,22시대,126,split_ok,일부 분리 가능,inquiry_recommended,문의 권장,24.1,1,조용한룸,이자카야,30,0,30,1,10,0,30,0,split,4,true,2,조용한룸 | 작은잔,입장 가능 여부는 매장에 대기/정리 시간을 문의해야 합니다.
req-00159,5,친구 모임,back_gate,후문,4,22:08,22시대,129,split_ok,일부 분리 가능,inquiry_recommended,문의 권장,47,3,둥근테이블,술집,30,6,24,0.8,4,4,30,2,together_single,1,true,1,골목분식포차,빈자리는 있으나 피크 시간대 점유와 테이블 결합 여유가 작아 문의가 필요합니다.
req-00163,5,소규모 술자리,back_gate,후문,2,22:20,22시대,109,together,붙어 앉기 선호,together_likely,같이 앉기 가능성 높음,83.8,3,둥근테이블,술집,30,12,18,0.6,4,4,30,4,together_single,1,false,0,,현재 빈 테이블 기준으로 2인 테이블 1개 배정이 가능합니다.
req-00149,5,조모임 뒤풀이,food_street,먹자골목,6,22:36,22시대,154,any,같은 매장이면 괜찮음,inquiry_recommended,문의 권장,37.4,1,반칸라운지,라운지,40,0,40,1,20,0,40,0,together_single,1,true,2,반칸라운지 | 큰마당호프,입장 가능 여부는 매장에 대기/정리 시간을 문의해야 합니다.
req-00145,5,동아리 전체 모임,front_gate,정문,13,22:49,22시대,138,any,같은 매장이면 괜찮음,inquiry_recommended,문의 권장,28.3,1,긴테이블집,한식주점,30,4,26,0.8667,10,4,30,1,split,2,true,2,긴테이블집 | 강의끝포차,입장 가능 여부는 매장에 대기/정리 시간을 문의해야 합니다.
req-00144,5,친구 모임,campus_nearby,캠퍼스 주변,7,22:57,22시대,96,any,같은 매장이면 괜찮음,difficult,현재 조건에서는 어려움,0,0,넓은홀식당,식당형 술집,48,0,48,1,18,0,48,0,none,0,true,1,넓은홀식당,현재 점유 중인 테이블 때문에 요청 인원에 맞는 빈 테이블 조합이 부족합니다.
req-00137,5,소규모 술자리,back_gate,후문,3,23:11,23시대,120,split_ok,일부 분리 가능,inquiry_recommended,문의 권장,47.4,3,둥근테이블,술집,30,6,24,0.8,4,4,30,2,together_single,1,true,1,골목분식포차,빈자리는 있으나 피크 시간대 점유와 테이블 결합 여유가 작아 문의가 필요합니다.
req-00164,5,MT 뒤풀이,back_gate,후문,14,23:20,23시대,173,any,같은 매장이면 괜찮음,difficult,현재 조건에서는 어려움,0,0,후문마당,고깃집,36,6,30,0.8333,12,6,36,1,none,0,true,3,후문마당 | 둥근테이블 | 골목분식포차,현재 점유 중인 테이블 때문에 요청 인원에 맞는 빈 테이블 조합이 부족합니다.
req-00139,5,친구 모임,front_gate,정문,3,23:26,23시대,132,split_ok,일부 분리 가능,together_likely,같이 앉기 가능성 높음,84.2,2,긴테이블집,한식주점,30,16,14,0.4667,10,10,30,2,together_single,1,false,0,,현재 빈 테이블 기준으로 6인 긴 테이블 1개 배정이 가능합니다.
req-00167,5,동아리 소모임,station,역 앞,6,23:49,23시대,90,split_ok,일부 분리 가능,inquiry_recommended,문의 권장,34.7,1,조용한룸,이자카야,30,0,30,1,10,0,30,0,together_combined,2,true,2,조용한룸 | 작은잔,입장 가능 여부는 매장에 대기/정리 시간을 문의해야 합니다.
req-00161,5,친구 모임,food_street,먹자골목,6,00:09(+1),24시대(0시대),139,any,같은 매장이면 괜찮음,together_likely,같이 앉기 가능성 높음,89.2,2,반칸라운지,라운지,40,24,16,0.4,20,12,40,6,together_single,1,false,0,,현재 빈 테이블 기준으로 6인 긴 테이블 1개 배정이 가능합니다.
req-00160,5,동아리 전체 모임,campus_nearby,캠퍼스 주변,11,00:42(+1),24시대(0시대),170,together,붙어 앉기 선호,inquiry_recommended,문의 권장,44.1,1,넓은홀식당,식당형 술집,48,30,18,0.375,18,12,48,8,together_combined,3,false,0,,빈자리는 있으나 피크 시간대 점유와 테이블 결합 여유가 작아 문의가 필요합니다.
req-00169,5,조모임 뒤풀이,food_street,먹자골목,5,00:57(+1),24시대(0시대),128,any,같은 매장이면 괜찮음,together_likely,같이 앉기 가능성 높음,83.43,2,큰마당호프,호프,54,24,30,0.5556,18,16,54,8,together_combined,2,false,0,,현재 빈 테이블 기준으로 2개 테이블 결합 배정이 가능합니다.
req-00152,5,소규모 술자리,back_gate,후문,3,00:58(+1),24시대(0시대),115,any,같은 매장이면 괜찮음,together_likely,같이 앉기 가능성 높음,89.6,3,후문마당,고깃집,36,24,12,0.3333,12,12,36,6,together_single,1,true,1,둥근테이블,현재 빈 테이블 기준으로 4인 테이블 1개 배정이 가능합니다.
req-00156,5,소규모 술자리,campus_nearby,캠퍼스 주변,3,01:47(+1),25시대(1시대),118,any,같은 매장이면 괜찮음,together_likely,같이 앉기 가능성 높음,83.8,1,넓은홀식당,식당형 술집,48,12,36,0.75,18,10,48,4,together_single,1,false,0,,현재 좌석 점유율이 높습니다.
req-00202,6,친구 모임,food_street,먹자골목,4,18:19,18시대,131,any,같은 매장이면 괜찮음,together_likely,같이 앉기 가능성 높음,91.33,2,큰마당호프,호프,54,42,12,0.2222,18,16,54,12,together_single,1,false,0,,현재 빈 테이블 기준으로 4인 테이블 1개 배정이 가능합니다.
req-00201,6,동아리 전체 모임,front_gate,정문,9,18:26,18시대,115,together,붙어 앉기 선호,difficult,현재 조건에서는 어려움,0,0,긴테이블집,한식주점,30,6,24,0.8,10,6,30,1,none,0,true,2,긴테이블집 | 강의끝포차,현재 점유 중인 테이블 때문에 요청 인원에 맞는 빈 테이블 조합이 부족합니다.
req-00182,6,친구 모임,food_street,먹자골목,8,18:28,18시대,116,together,붙어 앉기 선호,together_likely,같이 앉기 가능성 높음,86.94,2,큰마당호프,호프,54,38,16,0.2963,18,16,54,11,together_combined,2,false,0,,현재 빈 테이블 기준으로 2개 테이블 결합 배정이 가능합니다.
req-00189,6,소규모 술자리,front_gate,정문,3,18:36,18시대,121,any,같은 매장이면 괜찮음,together_likely,같이 앉기 가능성 높음,76.92,2,강의끝포차,포차,34,8,26,0.7647,8,4,34,4,together_combined,2,false,0,,현재 좌석 점유율이 높습니다.
req-00197,6,소규모 술자리,back_gate,후문,4,19:07,19시대,98,together,붙어 앉기 선호,together_likely,같이 앉기 가능성 높음,94,3,골목분식포차,분식포차,14,14,0,0,4,4,14,5,together_single,1,false,0,,현재 빈 테이블 기준으로 4인 테이블 1개 배정이 가능합니다.
req-00194,6,동아리 소모임,station,역 앞,8,19:09,19시대,91,split_ok,일부 분리 가능,together_likely,같이 앉기 가능성 높음,93.2,2,조용한룸,이자카야,30,30,0,0,10,10,30,7,together_single,1,false,0,,현재 빈 테이블 기준으로 룸 테이블 1개 배정이 가능합니다.
req-00177,6,소규모 술자리,food_street,먹자골목,4,19:16,19시대,93,split_ok,일부 분리 가능,together_likely,같이 앉기 가능성 높음,75.48,2,큰마당호프,호프,54,8,46,0.8519,18,8,54,4,together_combined,2,false,0,,현재 좌석 점유율이 높습니다.
req-00181,6,동아리 소모임,food_street,먹자골목,6,19:22,19시대,107,together,붙어 앉기 선호,inquiry_recommended,문의 권장,36.3,1,반칸라운지,라운지,40,6,34,0.85,20,6,40,2,together_combined,2,true,1,큰마당호프,빈자리는 있으나 피크 시간대 점유와 테이블 결합 여유가 작아 문의가 필요합니다.
req-00185,6,동아리 소모임,food_street,먹자골목,5,19:41,19시대,99,split_ok,일부 분리 가능,inquiry_recommended,문의 권장,44.7,1,반칸라운지,라운지,40,6,34,0.85,20,6,40,2,together_combined,2,true,1,큰마당호프,빈자리는 있으나 피크 시간대 점유와 테이블 결합 여유가 작아 문의가 필요합니다.
req-00183,6,친구 모임,station,역 앞,7,20:30,20시대,119,split_ok,일부 분리 가능,inquiry_recommended,문의 권장,36.2,1,조용한룸,이자카야,30,0,30,1,10,0,30,0,together_single,1,true,2,조용한룸 | 작은잔,입장 가능 여부는 매장에 대기/정리 시간을 문의해야 합니다.
req-00174,6,과 행사 뒤풀이,food_street,먹자골목,9,20:34,20시대,123,split_ok,일부 분리 가능,split_only,분리 착석 가능,46.3,2,반칸라운지,라운지,40,14,26,0.65,20,8,40,3,split,2,true,1,반칸라운지,붙어 앉기는 어렵지만 현재 빈 테이블 2개로 분리 착석은 가능합니다.
req-00203,6,동아리 전체 모임,front_gate,정문,9,21:13,21시대,176,split_ok,일부 분리 가능,split_only,분리 착석 가능,54.57,2,강의끝포차,포차,34,24,10,0.2941,8,8,34,6,split,2,true,1,긴테이블집,붙어 앉기는 어렵지만 현재 빈 테이블 2개로 분리 착석은 가능합니다.
req-00191,6,MT 뒤풀이,station,역 앞,11,21:17,21시대,130,split_ok,일부 분리 가능,difficult,현재 조건에서는 어려움,0,0,조용한룸,이자카야,30,4,26,0.8667,10,4,30,1,none,0,true,2,조용한룸 | 작은잔,현재 점유 중인 테이블 때문에 요청 인원에 맞는 빈 테이블 조합이 부족합니다.
req-00198,6,동아리 소모임,food_street,먹자골목,6,21:38,21시대,122,together,붙어 앉기 선호,inquiry_recommended,문의 권장,47,1,큰마당호프,호프,54,18,36,0.6667,18,10,54,6,together_single,1,true,1,반칸라운지,빈자리는 있으나 피크 시간대 점유와 테이블 결합 여유가 작아 문의가 필요합니다.
req-00196,6,동아리 소모임,food_street,먹자골목,8,21:48,21시대,94,split_ok,일부 분리 가능,inquiry_recommended,문의 권장,39.23,1,큰마당호프,호프,54,6,48,0.8889,18,6,54,3,together_combined,2,true,2,큰마당호프 | 반칸라운지,입장 가능 여부는 매장에 대기/정리 시간을 문의해야 합니다.
req-00204,6,소규모 술자리,back_gate,후문,2,21:50,21시대,130,together,붙어 앉기 선호,together_likely,같이 앉기 가능성 높음,91,3,둥근테이블,술집,30,30,0,0,4,4,30,9,together_single,1,false,0,,현재 빈 테이블 기준으로 2인 테이블 1개 배정이 가능합니다.
req-00175,6,친구 모임,back_gate,후문,5,21:59,21시대,91,any,같은 매장이면 괜찮음,split_only,분리 착석 가능,64.3,3,둥근테이블,술집,30,28,2,0.0667,4,4,30,8,split,2,false,0,,붙어 앉기는 어렵지만 현재 빈 테이블 2개로 분리 착석은 가능합니다.
req-00200,6,친구 모임,food_street,먹자골목,2,21:59,21시대,82,any,같은 매장이면 괜찮음,together_likely,같이 앉기 가능성 높음,83.44,2,큰마당호프,호프,54,20,34,0.6296,18,12,54,6,together_single,1,false,0,,현재 빈 테이블 기준으로 2인 테이블 1개 배정이 가능합니다.
req-00190,6,과 행사 뒤풀이,front_gate,정문,12,22:13,22시대,179,split_ok,일부 분리 가능,split_only,분리 착석 가능,45.85,1,강의끝포차,포차,34,16,18,0.5294,8,8,34,5,split,3,true,1,긴테이블집,붙어 앉기는 어렵지만 현재 빈 테이블 3개로 분리 착석은 가능합니다.
req-00192,6,조모임 뒤풀이,back_gate,후문,8,22:19,22시대,134,split_ok,일부 분리 가능,split_only,분리 착석 가능,47.86,2,골목분식포차,분식포차,14,8,6,0.4286,4,4,14,3,split,3,true,2,후문마당 | 둥근테이블,붙어 앉기는 어렵지만 현재 빈 테이블 3개로 분리 착석은 가능합니다.
req-00184,6,친구 모임,food_street,먹자골목,6,22:22,22시대,93,any,같은 매장이면 괜찮음,inquiry_recommended,문의 권장,55.44,2,큰마당호프,호프,54,20,34,0.6296,18,12,54,6,together_single,1,true,1,반칸라운지,빈자리는 있으나 피크 시간대 점유와 테이블 결합 여유가 작아 문의가 필요합니다.
req-00199,6,동아리 전체 모임,back_gate,후문,9,22:41,22시대,164,split_ok,일부 분리 가능,difficult,현재 조건에서는 어려움,0,0,후문마당,고깃집,36,4,32,0.8889,12,4,36,1,none,0,true,3,후문마당 | 둥근테이블 | 골목분식포차,현재 점유 중인 테이블 때문에 요청 인원에 맞는 빈 테이블 조합이 부족합니다.
req-00188,6,조모임 뒤풀이,food_street,먹자골목,5,23:08,23시대,143,any,같은 매장이면 괜찮음,together_likely,같이 앉기 가능성 높음,83.93,2,큰마당호프,호프,54,24,30,0.5556,18,14,54,7,together_single,1,false,0,,현재 빈 테이블 기준으로 6인 긴 테이블 1개 배정이 가능합니다.
req-00173,6,조모임 뒤풀이,food_street,먹자골목,5,23:55,23시대,91,split_ok,일부 분리 가능,inquiry_recommended,문의 권장,38.6,1,큰마당호프,호프,54,0,54,1,18,0,54,0,together_single,1,true,2,큰마당호프 | 반칸라운지,입장 가능 여부는 매장에 대기/정리 시간을 문의해야 합니다.
req-00172,6,동아리 소모임,back_gate,후문,6,00:06(+1),24시대(0시대),140,any,같은 매장이면 괜찮음,split_only,분리 착석 가능,58.1,2,둥근테이블,술집,30,12,18,0.6,4,4,30,4,split,2,true,1,후문마당,붙어 앉기는 어렵지만 현재 빈 테이블 2개로 분리 착석은 가능합니다.
req-00193,6,친구 모임,front_gate,정문,2,00:22(+1),24시대(0시대),126,split_ok,일부 분리 가능,together_likely,같이 앉기 가능성 높음,86.94,2,강의끝포차,포차,34,14,20,0.5882,8,6,34,4,together_single,1,true,1,긴테이블집,현재 빈 테이블 기준으로 2인 테이블 1개 배정이 가능합니다.
req-00171,6,조모임 뒤풀이,front_gate,정문,6,00:25(+1),24시대(0시대),105,split_ok,일부 분리 가능,inquiry_recommended,문의 권장,44.62,1,강의끝포차,포차,34,6,28,0.8235,8,6,34,2,together_combined,2,true,1,긴테이블집,빈자리는 있으나 피크 시간대 점유와 테이블 결합 여유가 작아 문의가 필요합니다.
req-00186,6,동아리 소모임,food_street,먹자골목,7,00:32(+1),24시대(0시대),138,together,붙어 앉기 선호,inquiry_recommended,문의 권장,34.68,2,큰마당호프,호프,54,8,46,0.8519,18,6,54,2,split,2,true,2,큰마당호프 | 반칸라운지,붙어 앉기 요청 기준으로는 현재 연속 좌석이 부족합니다.
req-00195,6,동아리 소모임,food_street,먹자골목,7,00:34(+1),24시대(0시대),92,any,같은 매장이면 괜찮음,split_only,분리 착석 가능,50.68,1,큰마당호프,호프,54,8,46,0.8519,18,6,54,2,split,2,true,1,반칸라운지,현재 좌석 점유율이 높습니다.
req-00179,6,친구 모임,station,역 앞,5,00:40(+1),24시대(0시대),131,split_ok,일부 분리 가능,together_likely,같이 앉기 가능성 높음,78.1,2,조용한룸,이자카야,30,10,20,0.6667,10,8,30,3,together_combined,2,false,0,,현재 빈 테이블 기준으로 2개 테이블 결합 배정이 가능합니다.
req-00178,6,조모임 뒤풀이,food_street,먹자골목,6,00:58(+1),24시대(0시대),154,together,붙어 앉기 선호,inquiry_recommended,문의 권장,33.79,1,큰마당호프,호프,54,4,50,0.9259,18,4,54,1,together_combined,2,true,2,큰마당호프 | 반칸라운지,입장 가능 여부는 매장에 대기/정리 시간을 문의해야 합니다.
req-00187,6,소규모 술자리,back_gate,후문,4,01:22(+1),25시대(1시대),110,split_ok,일부 분리 가능,together_likely,같이 앉기 가능성 높음,94,3,둥근테이블,술집,30,30,0,0,4,4,30,9,together_single,1,false,0,,현재 빈 테이블 기준으로 4인 테이블 1개 배정이 가능합니다.
req-00176,6,과 행사 뒤풀이,station,역 앞,11,01:51(+1),25시대(1시대),138,any,같은 매장이면 괜찮음,difficult,현재 조건에서는 어려움,0,0,조용한룸,이자카야,30,0,30,1,10,0,30,0,none,0,true,2,조용한룸 | 작은잔,현재 점유 중인 테이블 때문에 요청 인원에 맞는 빈 테이블 조합이 부족합니다.
req-00180,6,소규모 술자리,front_gate,정문,4,01:54(+1),25시대(1시대),121,split_ok,일부 분리 가능,together_likely,같이 앉기 가능성 높음,90,2,긴테이블집,한식주점,30,20,10,0.3333,10,10,30,3,together_single,1,false,0,,현재 빈 테이블 기준으로 4인 테이블 1개 배정이 가능합니다.
req-00227,7,조모임 뒤풀이,food_street,먹자골목,8,18:26,18시대,144,split_ok,일부 분리 가능,together_likely,같이 앉기 가능성 높음,88.28,2,큰마당호프,호프,54,44,10,0.1852,18,18,54,11,together_combined,2,false,0,,현재 빈 테이블 기준으로 2개 테이블 결합 배정이 가능합니다.
req-00223,7,동아리 소모임,campus_nearby,캠퍼스 주변,7,18:40,18시대,131,any,같은 매장이면 괜찮음,together_likely,같이 앉기 가능성 높음,90.1,1,넓은홀식당,식당형 술집,48,48,0,0,18,18,48,11,together_combined,2,false,0,,현재 빈 테이블 기준으로 2개 테이블 결합 배정이 가능합니다.
req-00220,7,친구 모임,food_street,먹자골목,6,18:57,18시대,131,split_ok,일부 분리 가능,together_likely,같이 앉기 가능성 높음,76.7,2,반칸라운지,라운지,40,10,30,0.75,20,10,40,3,together_combined,2,false,0,,현재 좌석 점유율이 높습니다.
req-00213,7,동아리 전체 모임,back_gate,후문,9,19:06,19시대,115,together,붙어 앉기 선호,difficult,현재 조건에서는 어려움,0,0,후문마당,고깃집,36,8,28,0.7778,12,8,36,2,none,0,true,2,후문마당 | 둥근테이블,현재 점유 중인 테이블 때문에 요청 인원에 맞는 빈 테이블 조합이 부족합니다.
req-00235,7,친구 모임,front_gate,정문,3,19:36,19시대,116,together,붙어 앉기 선호,inquiry_recommended,문의 권장,36.31,2,강의끝포차,포차,34,4,30,0.8824,8,4,34,2,together_combined,2,true,1,긴테이블집,빈자리는 있으나 피크 시간대 점유와 테이블 결합 여유가 작아 문의가 필요합니다.
req-00236,7,학생회 행사 후 모임,food_street,먹자골목,10,19:37,19시대,145,split_ok,일부 분리 가능,difficult,현재 조건에서는 어려움,0,0,반칸라운지,라운지,40,8,32,0.8,20,8,40,2,none,0,true,2,반칸라운지 | 큰마당호프,현재 점유 중인 테이블 때문에 요청 인원에 맞는 빈 테이블 조합이 부족합니다.
req-00214,7,소규모 술자리,back_gate,후문,4,19:50,19시대,114,together,붙어 앉기 선호,together_likely,같이 앉기 가능성 높음,87.37,3,골목분식포차,분식포차,14,10,4,0.2857,4,4,14,4,together_single,1,false,0,,현재 빈 테이블 기준으로 4인 테이블 1개 배정이 가능합니다.
req-00210,7,과 행사 뒤풀이,food_street,먹자골목,10,20:00,20시대,130,together,붙어 앉기 선호,inquiry_recommended,문의 권장,23.1,1,반칸라운지,라운지,40,4,36,0.9,20,4,40,1,together_combined,2,true,2,반칸라운지 | 큰마당호프,입장 가능 여부는 매장에 대기/정리 시간을 문의해야 합니다.
req-00238,7,동아리 소모임,back_gate,후문,8,20:04,20시대,148,together,붙어 앉기 선호,together_likely,같이 앉기 가능성 높음,79.23,1,후문마당,고깃집,36,16,20,0.5556,12,12,36,4,together_combined,2,true,1,둥근테이블,현재 빈 테이블 기준으로 2개 테이블 결합 배정이 가능합니다.
req-00224,7,친구 모임,food_street,먹자골목,4,20:05,20시대,118,split_ok,일부 분리 가능,inquiry_recommended,문의 권장,44.2,2,반칸라운지,라운지,40,4,36,0.9,20,4,40,1,together_single,1,true,1,큰마당호프,빈자리는 있으나 피크 시간대 점유와 테이블 결합 여유가 작아 문의가 필요합니다.
req-00216,7,소규모 술자리,station,역 앞,3,20:12,20시대,100,together,붙어 앉기 선호,inquiry_recommended,문의 권장,35.5,2,작은잔,바,18,6,12,0.6667,4,2,18,3,split,2,true,1,작은잔,붙어 앉기 요청 기준으로는 현재 연속 좌석이 부족합니다.
req-00229,7,과 행사 뒤풀이,back_gate,후문,11,20:23,20시대,171,any,같은 매장이면 괜찮음,difficult,현재 조건에서는 어려움,0,0,후문마당,고깃집,36,4,32,0.8889,12,4,36,1,none,0,true,3,후문마당 | 둥근테이블 | 골목분식포차,현재 점유 중인 테이블 때문에 요청 인원에 맞는 빈 테이블 조합이 부족합니다.
req-00215,7,친구 모임,front_gate,정문,3,20:38,20시대,82,any,같은 매장이면 괜찮음,inquiry_recommended,문의 권장,41.31,1,강의끝포차,포차,34,4,30,0.8824,8,4,34,2,together_combined,2,true,1,긴테이블집,빈자리는 있으나 피크 시간대 점유와 테이블 결합 여유가 작아 문의가 필요합니다.
req-00231,7,조모임 뒤풀이,back_gate,후문,5,21:09,21시대,123,split_ok,일부 분리 가능,together_likely,같이 앉기 가능성 높음,85.27,2,후문마당,고깃집,36,20,16,0.4444,12,12,36,4,together_single,1,true,1,둥근테이블,현재 빈 테이블 기준으로 6인 긴 테이블 1개 배정이 가능합니다.
req-00233,7,친구 모임,campus_nearby,캠퍼스 주변,3,21:15,21시대,132,together,붙어 앉기 선호,together_likely,같이 앉기 가능성 높음,84.1,1,넓은홀식당,식당형 술집,48,22,26,0.5417,18,12,48,6,together_single,1,false,0,,현재 빈 테이블 기준으로 4인 테이블 1개 배정이 가능합니다.
req-00234,7,친구 모임,front_gate,정문,5,21:55,21시대,104,together,붙어 앉기 선호,difficult,현재 조건에서는 어려움,0,0,긴테이블집,한식주점,30,0,30,1,10,0,30,0,none,0,true,2,긴테이블집 | 강의끝포차,현재 점유 중인 테이블 때문에 요청 인원에 맞는 빈 테이블 조합이 부족합니다.
req-00212,7,친구 모임,food_street,먹자골목,8,21:57,21시대,155,split_ok,일부 분리 가능,split_only,분리 착석 가능,48.37,1,큰마당호프,호프,54,12,42,0.7778,18,6,54,4,split,2,true,2,큰마당호프 | 반칸라운지,현재 좌석 점유율이 높습니다.
req-00230,7,학생회 행사 후 모임,station,역 앞,13,22:05,22시대,150,split_ok,일부 분리 가능,inquiry_recommended,문의 권장,29.3,1,조용한룸,이자카야,30,8,22,0.7333,10,8,30,2,split,4,true,2,조용한룸 | 작은잔,입장 가능 여부는 매장에 대기/정리 시간을 문의해야 합니다.
req-00217,7,동아리 전체 모임,campus_nearby,캠퍼스 주변,9,22:08,22시대,122,together,붙어 앉기 선호,difficult,현재 조건에서는 어려움,0,0,넓은홀식당,식당형 술집,48,8,40,0.8333,18,6,48,2,none,0,true,1,넓은홀식당,현재 점유 중인 테이블 때문에 요청 인원에 맞는 빈 테이블 조합이 부족합니다.
req-00208,7,친구 모임,back_gate,후문,6,22:11,22시대,96,together,붙어 앉기 선호,inquiry_recommended,문의 권장,37,1,후문마당,고깃집,36,6,30,0.8333,12,6,36,1,together_single,1,true,1,둥근테이블,빈자리는 있으나 피크 시간대 점유와 테이블 결합 여유가 작아 문의가 필요합니다.
req-00206,7,동아리 전체 모임,campus_nearby,캠퍼스 주변,9,22:17,22시대,137,split_ok,일부 분리 가능,inquiry_recommended,문의 권장,35.5,1,넓은홀식당,식당형 술집,48,8,40,0.8333,18,6,48,2,together_combined,2,true,1,넓은홀식당,입장 가능 여부는 매장에 대기/정리 시간을 문의해야 합니다.
req-00218,7,친구 모임,back_gate,후문,3,22:24,22시대,90,split_ok,일부 분리 가능,together_likely,같이 앉기 가능성 높음,84.77,3,골목분식포차,분식포차,14,10,4,0.2857,4,4,14,4,together_single,1,false,0,,현재 빈 테이블 기준으로 4인 테이블 1개 배정이 가능합니다.
req-00205,7,동아리 전체 모임,front_gate,정문,9,22:48,22시대,178,split_ok,일부 분리 가능,inquiry_recommended,문의 권장,50.6,2,긴테이블집,한식주점,30,16,14,0.4667,10,10,30,2,together_single,1,false,0,,빈자리는 있으나 피크 시간대 점유와 테이블 결합 여유가 작아 문의가 필요합니다.
req-00222,7,소규모 술자리,station,역 앞,2,22:53,22시대,130,any,같은 매장이면 괜찮음,together_likely,같이 앉기 가능성 높음,78.2,2,작은잔,바,18,6,12,0.6667,4,2,18,3,together_single,1,false,0,,현재 빈 테이블 기준으로 2인 테이블 1개 배정이 가능합니다.
req-00219,7,학생회 행사 후 모임,back_gate,후문,13,23:04,23시대,148,any,같은 매장이면 괜찮음,inquiry_recommended,문의 권장,26.53,2,후문마당,고깃집,36,4,32,0.8889,12,4,36,1,split,3,true,3,후문마당 | 둥근테이블 | 골목분식포차,입장 가능 여부는 매장에 대기/정리 시간을 문의해야 합니다.
req-00226,7,동아리 소모임,back_gate,후문,7,23:09,23시대,142,split_ok,일부 분리 가능,split_only,분리 착석 가능,51.57,3,골목분식포차,분식포차,14,10,4,0.2857,4,4,14,4,split,3,true,2,후문마당 | 둥근테이블,붙어 앉기는 어렵지만 현재 빈 테이블 3개로 분리 착석은 가능합니다.
req-00221,7,친구 모임,station,역 앞,5,23:16,23시대,132,any,같은 매장이면 괜찮음,split_only,분리 착석 가능,48.4,1,작은잔,바,18,6,12,0.6667,4,2,18,3,split,3,true,1,조용한룸,붙어 앉기는 어렵지만 현재 빈 테이블 3개로 분리 착석은 가능합니다.
req-00225,7,친구 모임,front_gate,정문,3,00:03(+1),24시대(0시대),123,together,붙어 앉기 선호,inquiry_recommended,문의 권장,39.81,1,강의끝포차,포차,34,4,30,0.8824,8,4,34,1,together_single,1,true,1,긴테이블집,빈자리는 있으나 피크 시간대 점유와 테이블 결합 여유가 작아 문의가 필요합니다.
req-00228,7,MT 뒤풀이,back_gate,후문,9,00:05(+1),24시대(0시대),120,split_ok,일부 분리 가능,split_only,분리 착석 가능,46.8,1,둥근테이블,술집,30,12,18,0.6,4,4,30,4,split,3,true,2,후문마당 | 골목분식포차,붙어 앉기는 어렵지만 현재 빈 테이블 3개로 분리 착석은 가능합니다.
req-00232,7,친구 모임,campus_nearby,캠퍼스 주변,4,00:09(+1),24시대(0시대),82,any,같은 매장이면 괜찮음,together_likely,같이 앉기 가능성 높음,88.5,1,넓은홀식당,식당형 술집,48,26,22,0.4583,18,18,48,6,together_single,1,false,0,,현재 빈 테이블 기준으로 4인 테이블 1개 배정이 가능합니다.
req-00209,7,친구 모임,front_gate,정문,3,00:26(+1),24시대(0시대),116,together,붙어 앉기 선호,together_likely,같이 앉기 가능성 높음,80.42,2,강의끝포차,포차,34,8,26,0.7647,8,8,34,2,together_single,1,true,1,긴테이블집,현재 좌석 점유율이 높습니다.
req-00211,7,동아리 소모임,food_street,먹자골목,8,00:36(+1),24시대(0시대),131,split_ok,일부 분리 가능,together_likely,같이 앉기 가능성 높음,89.61,1,큰마당호프,호프,54,50,4,0.0741,18,18,54,13,together_combined,2,true,1,반칸라운지,현재 빈 테이블 기준으로 2개 테이블 결합 배정이 가능합니다.
req-00207,7,친구 모임,station,역 앞,4,00:50(+1),24시대(0시대),125,any,같은 매장이면 괜찮음,together_likely,같이 앉기 가능성 높음,88.4,2,작은잔,바,18,12,6,0.3333,4,4,18,3,together_single,1,false,0,,현재 빈 테이블 기준으로 4인 테이블 1개 배정이 가능합니다.
req-00237,7,친구 모임,food_street,먹자골목,2,01:19(+1),25시대(1시대),95,any,같은 매장이면 괜찮음,together_likely,같이 앉기 가능성 높음,84.4,2,큰마당호프,호프,54,18,36,0.6667,18,18,54,3,together_single,1,false,0,,현재 빈 테이블 기준으로 6인 긴 테이블 1개 배정이 가능합니다.
req-00257,8,친구 모임,front_gate,정문,4,18:10,18시대,130,split_ok,일부 분리 가능,together_likely,같이 앉기 가능성 높음,91.18,2,강의끝포차,포차,34,26,8,0.2353,8,8,34,8,together_single,1,false,0,,현재 빈 테이블 기준으로 4인 테이블 1개 배정이 가능합니다.
req-00240,8,조모임 뒤풀이,food_street,먹자골목,7,18:50,18시대,131,together,붙어 앉기 선호,together_likely,같이 앉기 가능성 높음,87.43,2,큰마당호프,호프,54,42,12,0.2222,18,18,54,11,together_combined,2,false,0,,현재 빈 테이블 기준으로 2개 테이블 결합 배정이 가능합니다.
req-00265,8,소규모 술자리,front_gate,정문,4,18:51,18시대,83,split_ok,일부 분리 가능,inquiry_recommended,문의 권장,49.2,2,긴테이블집,한식주점,30,6,24,0.8,10,6,30,1,together_single,1,false,0,,빈자리는 있으나 피크 시간대 점유와 테이블 결합 여유가 작아 문의가 필요합니다.
req-00250,8,조모임 뒤풀이,station,역 앞,5,19:15,19시대,123,together,붙어 앉기 선호,difficult,현재 조건에서는 어려움,0,0,조용한룸,이자카야,30,0,30,1,10,0,30,0,none,0,true,1,조용한룸,현재 점유 중인 테이블 때문에 요청 인원에 맞는 빈 테이블 조합이 부족합니다.
req-00262,8,소규모 술자리,food_street,먹자골목,3,19:20,19시대,82,together,붙어 앉기 선호,together_likely,같이 앉기 가능성 높음,80,1,반칸라운지,라운지,40,8,32,0.8,20,8,40,3,together_single,1,true,1,큰마당호프,현재 좌석 점유율이 높습니다.
req-00261,8,소규모 술자리,front_gate,정문,3,19:45,19시대,89,split_ok,일부 분리 가능,inquiry_recommended,문의 권장,44.31,2,강의끝포차,포차,34,4,30,0.8824,8,4,34,2,together_combined,2,true,1,긴테이블집,빈자리는 있으나 피크 시간대 점유와 테이블 결합 여유가 작아 문의가 필요합니다.
req-00269,8,친구 모임,food_street,먹자골목,4,19:46,19시대,134,split_ok,일부 분리 가능,inquiry_recommended,문의 권장,44.84,2,큰마당호프,호프,54,2,52,0.963,18,2,54,1,together_single,1,true,1,큰마당호프,입장 가능 여부는 매장에 대기/정리 시간을 문의해야 합니다.
req-00258,8,MT 뒤풀이,front_gate,정문,13,20:10,20시대,126,any,같은 매장이면 괜찮음,inquiry_recommended,문의 권장,26.8,1,긴테이블집,한식주점,30,4,26,0.8667,10,4,30,1,split,3,true,2,긴테이블집 | 강의끝포차,입장 가능 여부는 매장에 대기/정리 시간을 문의해야 합니다.
req-00267,8,동아리 전체 모임,food_street,먹자골목,9,20:10,20시대,176,together,붙어 앉기 선호,together_likely,같이 앉기 가능성 높음,77.5,2,반칸라운지,라운지,40,24,16,0.4,20,20,40,5,together_combined,2,false,0,,현재 빈 테이블 기준으로 2개 테이블 결합 배정이 가능합니다.
req-00239,8,조모임 뒤풀이,food_street,먹자골목,8,20:26,20시대,136,together,붙어 앉기 선호,inquiry_recommended,문의 권장,27.69,1,큰마당호프,호프,54,4,50,0.9259,18,4,54,1,together_combined,3,true,2,큰마당호프 | 반칸라운지,입장 가능 여부는 매장에 대기/정리 시간을 문의해야 합니다.
req-00241,8,동아리 소모임,food_street,먹자골목,5,20:29,20시대,127,any,같은 매장이면 괜찮음,inquiry_recommended,문의 권장,39.19,2,큰마당호프,호프,54,4,50,0.9259,18,4,54,1,together_combined,2,true,2,큰마당호프 | 반칸라운지,입장 가능 여부는 매장에 대기/정리 시간을 문의해야 합니다.
req-00268,8,친구 모임,front_gate,정문,2,21:05,21시대,125,any,같은 매장이면 괜찮음,together_likely,같이 앉기 가능성 높음,80.93,2,강의끝포차,포차,34,10,24,0.7059,8,8,34,3,together_single,1,false,0,,현재 빈 테이블 기준으로 2인 테이블 1개 배정이 가능합니다.
req-00271,8,동아리 소모임,back_gate,후문,6,21:06,21시대,109,split_ok,일부 분리 가능,inquiry_recommended,문의 권장,51.8,2,후문마당,고깃집,36,12,24,0.6667,12,12,36,2,together_single,1,true,1,골목분식포차,빈자리는 있으나 피크 시간대 점유와 테이블 결합 여유가 작아 문의가 필요합니다.
req-00251,8,친구 모임,campus_nearby,캠퍼스 주변,4,21:11,21시대,95,split_ok,일부 분리 가능,inquiry_recommended,문의 권장,44,1,넓은홀식당,식당형 술집,48,4,44,0.9167,18,4,48,1,together_single,1,false,0,,빈자리는 있으나 피크 시간대 점유와 테이블 결합 여유가 작아 문의가 필요합니다.
req-00246,8,동아리 소모임,food_street,먹자골목,6,21:37,21시대,151,split_ok,일부 분리 가능,inquiry_recommended,문의 권장,50.1,2,반칸라운지,라운지,40,14,26,0.65,20,12,40,4,together_combined,2,true,1,큰마당호프,빈자리는 있으나 피크 시간대 점유와 테이블 결합 여유가 작아 문의가 필요합니다.
req-00255,8,학생회 행사 후 모임,food_street,먹자골목,9,21:48,21시대,131,split_ok,일부 분리 가능,inquiry_recommended,문의 권장,46.49,2,큰마당호프,호프,54,22,32,0.5926,18,12,54,5,together_combined,3,false,0,,빈자리는 있으나 피크 시간대 점유와 테이블 결합 여유가 작아 문의가 필요합니다.
req-00242,8,소규모 술자리,campus_nearby,캠퍼스 주변,3,21:59,21시대,132,together,붙어 앉기 선호,difficult,현재 조건에서는 어려움,0,0,넓은홀식당,식당형 술집,48,2,46,0.9583,18,2,48,1,none,0,true,1,넓은홀식당,현재 점유 중인 테이블 때문에 요청 인원에 맞는 빈 테이블 조합이 부족합니다.
req-00264,8,조모임 뒤풀이,back_gate,후문,7,22:07,22시대,116,together,붙어 앉기 선호,difficult,현재 조건에서는 어려움,0,0,후문마당,고깃집,36,0,36,1,12,0,36,0,none,0,true,3,후문마당 | 둥근테이블 | 골목분식포차,현재 점유 중인 테이블 때문에 요청 인원에 맞는 빈 테이블 조합이 부족합니다.
req-00270,8,MT 뒤풀이,station,역 앞,11,22:24,22시대,132,together,붙어 앉기 선호,difficult,현재 조건에서는 어려움,0,0,조용한룸,이자카야,30,2,28,0.9333,10,2,30,1,none,0,true,2,조용한룸 | 작은잔,붙어 앉기 선호 요청이지만 이 매장의 최대 붙여 앉기 가능 인원은 10명입니다.
req-00243,8,동아리 소모임,campus_nearby,캠퍼스 주변,7,22:32,22시대,98,any,같은 매장이면 괜찮음,inquiry_recommended,문의 권장,35.6,1,넓은홀식당,식당형 술집,48,2,46,0.9583,18,2,48,1,together_combined,2,true,1,넓은홀식당,입장 가능 여부는 매장에 대기/정리 시간을 문의해야 합니다.
req-00256,8,친구 모임,food_street,먹자골목,2,22:34,22시대,127,split_ok,일부 분리 가능,together_likely,같이 앉기 가능성 높음,78.2,2,반칸라운지,라운지,40,8,32,0.8,20,8,40,3,together_single,1,true,1,큰마당호프,현재 좌석 점유율이 높습니다.
req-00254,8,학생회 행사 후 모임,back_gate,후문,9,22:41,22시대,119,split_ok,일부 분리 가능,split_only,분리 착석 가능,41.4,2,둥근테이블,술집,30,10,20,0.6667,4,4,30,3,split,3,true,2,후문마당 | 골목분식포차,붙어 앉기는 어렵지만 현재 빈 테이블 3개로 분리 착석은 가능합니다.
req-00249,8,학생회 행사 후 모임,back_gate,후문,10,22:42,22시대,177,any,같은 매장이면 괜찮음,inquiry_recommended,문의 권장,30.03,1,후문마당,고깃집,36,4,32,0.8889,12,4,36,1,split,2,true,3,후문마당 | 둥근테이블 | 골목분식포차,입장 가능 여부는 매장에 대기/정리 시간을 문의해야 합니다.
req-00248,8,조모임 뒤풀이,back_gate,후문,8,22:48,22시대,94,split_ok,일부 분리 가능,inquiry_recommended,문의 권장,37.63,1,후문마당,고깃집,36,4,32,0.8889,12,4,36,1,together_combined,2,true,3,후문마당 | 둥근테이블 | 골목분식포차,입장 가능 여부는 매장에 대기/정리 시간을 문의해야 합니다.
req-00263,8,학생회 행사 후 모임,station,역 앞,13,23:09,23시대,162,any,같은 매장이면 괜찮음,inquiry_recommended,문의 권장,37.1,1,조용한룸,이자카야,30,12,18,0.6,10,10,30,2,split,2,true,2,조용한룸 | 작은잔,입장 가능 여부는 매장에 대기/정리 시간을 문의해야 합니다.
req-00259,8,조모임 뒤풀이,food_street,먹자골목,7,23:36,23시대,148,together,붙어 앉기 선호,difficult,현재 조건에서는 어려움,0,0,반칸라운지,라운지,40,4,36,0.9,20,4,40,1,none,0,true,2,반칸라운지 | 큰마당호프,현재 점유 중인 테이블 때문에 요청 인원에 맞는 빈 테이블 조합이 부족합니다.
req-00272,8,조모임 뒤풀이,campus_nearby,캠퍼스 주변,5,23:36,23시대,146,together,붙어 앉기 선호,inquiry_recommended,문의 권장,39.7,1,넓은홀식당,식당형 술집,48,12,36,0.75,18,10,48,4,together_combined,2,false,0,,빈자리는 있으나 피크 시간대 점유와 테이블 결합 여유가 작아 문의가 필요합니다.
req-00244,8,동아리 소모임,back_gate,후문,5,23:37,23시대,120,together,붙어 앉기 선호,inquiry_recommended,문의 권장,37.4,1,후문마당,고깃집,36,6,30,0.8333,12,6,36,1,together_single,1,true,2,둥근테이블 | 골목분식포차,빈자리는 있으나 피크 시간대 점유와 테이블 결합 여유가 작아 문의가 필요합니다.
req-00252,8,MT 뒤풀이,front_gate,정문,10,23:43,23시대,166,split_ok,일부 분리 가능,split_only,분리 착석 가능,46.64,2,강의끝포차,포차,34,14,20,0.5882,8,8,34,3,split,2,true,1,긴테이블집,붙어 앉기는 어렵지만 현재 빈 테이블 2개로 분리 착석은 가능합니다.
req-00260,8,소규모 술자리,food_street,먹자골목,4,23:47,23시대,91,together,붙어 앉기 선호,inquiry_recommended,문의 권장,36.2,2,반칸라운지,라운지,40,4,36,0.9,20,4,40,1,together_single,1,false,0,,빈자리는 있으나 피크 시간대 점유와 테이블 결합 여유가 작아 문의가 필요합니다.
req-00253,8,동아리 소모임,front_gate,정문,7,23:54,23시대,95,split_ok,일부 분리 가능,inquiry_recommended,문의 권장,49.64,2,강의끝포차,포차,34,14,20,0.5882,8,8,34,3,together_combined,2,true,1,긴테이블집,빈자리는 있으나 피크 시간대 점유와 테이블 결합 여유가 작아 문의가 필요합니다.
req-00266,8,친구 모임,back_gate,후문,2,00:21(+1),24시대(0시대),135,split_ok,일부 분리 가능,together_likely,같이 앉기 가능성 높음,81.2,3,둥근테이블,술집,30,8,22,0.7333,4,4,30,2,together_single,1,true,1,후문마당,현재 빈 테이블 기준으로 4인 테이블 1개 배정이 가능합니다.
req-00247,8,소규모 술자리,food_street,먹자골목,3,00:56(+1),24시대(0시대),120,any,같은 매장이면 괜찮음,together_likely,같이 앉기 가능성 높음,90.04,2,큰마당호프,호프,54,38,16,0.2963,18,18,54,9,together_single,1,false,0,,현재 빈 테이블 기준으로 4인 테이블 1개 배정이 가능합니다.
req-00245,8,과 행사 뒤풀이,food_street,먹자골목,13,01:32(+1),25시대(1시대),172,split_ok,일부 분리 가능,together_likely,같이 앉기 가능성 높음,84.3,2,반칸라운지,라운지,40,34,6,0.15,20,20,40,7,together_combined,2,false,0,,현재 빈 테이블 기준으로 2개 테이블 결합 배정이 가능합니다.
req-00296,9,친구 모임,station,역 앞,5,18:08,18시대,111,split_ok,일부 분리 가능,together_likely,같이 앉기 가능성 높음,92,2,조용한룸,이자카야,30,30,0,0,10,10,30,7,together_single,1,false,0,,현재 빈 테이블 기준으로 룸 테이블 1개 배정이 가능합니다.
req-00280,9,과 행사 뒤풀이,back_gate,후문,13,18:13,18시대,130,together,붙어 앉기 선호,difficult,현재 조건에서는 어려움,2,0,후문마당,고깃집,36,30,6,0.1667,12,12,36,7,none,0,false,0,,붙어 앉기 선호 요청이지만 이 매장의 최대 붙여 앉기 가능 인원은 12명입니다.
req-00303,9,조모임 뒤풀이,food_street,먹자골목,5,18:16,18시대,94,any,같은 매장이면 괜찮음,together_likely,같이 앉기 가능성 높음,93.6,2,반칸라운지,라운지,40,40,0,0,20,20,40,9,together_single,1,false,0,,현재 빈 테이블 기준으로 6인 긴 테이블 1개 배정이 가능합니다.
req-00285,9,조모임 뒤풀이,campus_nearby,캠퍼스 주변,5,18:25,18시대,154,together,붙어 앉기 선호,together_likely,같이 앉기 가능성 높음,92.1,1,넓은홀식당,식당형 술집,48,42,6,0.125,18,18,48,10,together_single,1,false,0,,현재 빈 테이블 기준으로 6인 긴 테이블 1개 배정이 가능합니다.
req-00278,9,과 행사 뒤풀이,station,역 앞,9,18:44,18시대,140,split_ok,일부 분리 가능,split_only,분리 착석 가능,55.6,1,조용한룸,이자카야,30,20,10,0.3333,10,8,30,6,split,3,true,2,조용한룸 | 작은잔,붙어 앉기는 어렵지만 현재 빈 테이블 3개로 분리 착석은 가능합니다.
req-00292,9,친구 모임,back_gate,후문,3,19:11,19시대,86,any,같은 매장이면 괜찮음,together_likely,같이 앉기 가능성 높음,93.6,3,골목분식포차,분식포차,14,14,0,0,4,4,14,5,together_single,1,false,0,,현재 빈 테이블 기준으로 4인 테이블 1개 배정이 가능합니다.
req-00281,9,동아리 전체 모임,front_gate,정문,13,19:48,19시대,124,any,같은 매장이면 괜찮음,difficult,현재 조건에서는 어려움,0,0,긴테이블집,한식주점,30,0,30,1,10,0,30,0,none,0,true,2,긴테이블집 | 강의끝포차,현재 점유 중인 테이블 때문에 요청 인원에 맞는 빈 테이블 조합이 부족합니다.
req-00289,9,소규모 술자리,front_gate,정문,3,19:49,19시대,123,any,같은 매장이면 괜찮음,inquiry_recommended,문의 권장,40.8,1,긴테이블집,한식주점,30,0,30,1,10,0,30,0,together_single,1,true,2,긴테이블집 | 강의끝포차,입장 가능 여부는 매장에 대기/정리 시간을 문의해야 합니다.
req-00306,9,소규모 술자리,food_street,먹자골목,2,20:06,20시대,80,any,같은 매장이면 괜찮음,together_likely,같이 앉기 가능성 높음,75.53,2,큰마당호프,호프,54,6,48,0.8889,18,6,54,3,together_single,1,false,0,,현재 좌석 점유율이 높습니다.
req-00300,9,동아리 전체 모임,campus_nearby,캠퍼스 주변,10,20:16,20시대,160,split_ok,일부 분리 가능,split_only,분리 착석 가능,39.5,1,넓은홀식당,식당형 술집,48,10,38,0.7917,18,6,48,3,split,3,true,1,넓은홀식당,현재 좌석 점유율이 높습니다.
req-00286,9,조모임 뒤풀이,food_street,먹자골목,5,20:34,20시대,148,together,붙어 앉기 선호,inquiry_recommended,문의 권장,31.19,1,큰마당호프,호프,54,4,50,0.9259,18,4,54,2,together_combined,2,true,2,큰마당호프 | 반칸라운지,입장 가능 여부는 매장에 대기/정리 시간을 문의해야 합니다.
req-00301,9,친구 모임,food_street,먹자골목,5,20:44,20시대,126,split_ok,일부 분리 가능,inquiry_recommended,문의 권장,50.66,1,큰마당호프,호프,54,16,38,0.7037,18,14,54,5,together_combined,2,true,1,반칸라운지,빈자리는 있으나 피크 시간대 점유와 테이블 결합 여유가 작아 문의가 필요합니다.
req-00279,9,동아리 소모임,front_gate,정문,6,20:45,20시대,90,split_ok,일부 분리 가능,together_likely,같이 앉기 가능성 높음,83,1,긴테이블집,한식주점,30,14,16,0.5333,10,6,30,3,together_single,1,true,1,강의끝포차,현재 빈 테이블 기준으로 6인 긴 테이블 1개 배정이 가능합니다.
req-00283,9,친구 모임,front_gate,정문,4,20:46,20시대,116,split_ok,일부 분리 가능,together_likely,같이 앉기 가능성 높음,77.4,2,긴테이블집,한식주점,30,8,22,0.7333,10,4,30,2,together_single,1,false,0,,현재 빈 테이블 기준으로 4인 테이블 1개 배정이 가능합니다.
req-00293,9,소규모 술자리,food_street,먹자골목,3,20:58,20시대,129,any,같은 매장이면 괜찮음,together_likely,같이 앉기 가능성 높음,81.71,1,큰마당호프,호프,54,14,40,0.7407,18,14,54,4,together_single,1,true,1,반칸라운지,현재 빈 테이블 기준으로 4인 테이블 1개 배정이 가능합니다.
req-00287,9,친구 모임,front_gate,정문,5,21:05,21시대,114,any,같은 매장이면 괜찮음,inquiry_recommended,문의 권장,43.21,2,강의끝포차,포차,34,4,30,0.8824,8,4,34,1,together_single,1,true,2,강의끝포차 | 긴테이블집,입장 가능 여부는 매장에 대기/정리 시간을 문의해야 합니다.
req-00297,9,MT 뒤풀이,campus_nearby,캠퍼스 주변,9,21:06,21시대,178,split_ok,일부 분리 가능,inquiry_recommended,문의 권장,42.4,1,넓은홀식당,식당형 술집,48,16,32,0.6667,18,12,48,4,together_combined,3,false,0,,빈자리는 있으나 피크 시간대 점유와 테이블 결합 여유가 작아 문의가 필요합니다.
req-00304,9,동아리 소모임,food_street,먹자골목,7,21:23,21시대,114,together,붙어 앉기 선호,inquiry_recommended,문의 권장,31.63,1,큰마당호프,호프,54,6,48,0.8889,18,6,54,2,together_combined,2,true,2,큰마당호프 | 반칸라운지,입장 가능 여부는 매장에 대기/정리 시간을 문의해야 합니다.
req-00275,9,조모임 뒤풀이,station,역 앞,5,21:45,21시대,105,split_ok,일부 분리 가능,together_likely,같이 앉기 가능성 높음,82.3,2,조용한룸,이자카야,30,18,12,0.4,10,8,30,5,together_combined,2,true,1,작은잔,현재 빈 테이블 기준으로 2개 테이블 결합 배정이 가능합니다.
req-00284,9,학생회 행사 후 모임,front_gate,정문,13,22:13,22시대,138,split_ok,일부 분리 가능,inquiry_recommended,문의 권장,25.9,1,긴테이블집,한식주점,30,0,30,1,10,0,30,0,split,2,true,2,긴테이블집 | 강의끝포차,입장 가능 여부는 매장에 대기/정리 시간을 문의해야 합니다.
req-00276,9,과 행사 뒤풀이,front_gate,정문,10,22:28,22시대,140,together,붙어 앉기 선호,inquiry_recommended,문의 권장,35,1,긴테이블집,한식주점,30,10,20,0.6667,10,10,30,1,together_single,1,true,1,강의끝포차,빈자리는 있으나 피크 시간대 점유와 테이블 결합 여유가 작아 문의가 필요합니다.
req-00291,9,친구 모임,food_street,먹자골목,4,22:36,22시대,131,any,같은 매장이면 괜찮음,together_likely,같이 앉기 가능성 높음,85.6,2,반칸라운지,라운지,40,22,18,0.45,20,12,40,5,together_single,1,false,0,,현재 빈 테이블 기준으로 4인 테이블 1개 배정이 가능합니다.
req-00299,9,조모임 뒤풀이,front_gate,정문,8,22:43,22시대,93,split_ok,일부 분리 가능,together_likely,같이 앉기 가능성 높음,80.6,1,긴테이블집,한식주점,30,14,16,0.5333,10,10,30,2,together_single,1,true,1,강의끝포차,현재 빈 테이블 기준으로 10인 긴 테이블 1개 배정이 가능합니다.
req-00298,9,조모임 뒤풀이,back_gate,후문,7,23:07,23시대,102,split_ok,일부 분리 가능,split_only,분리 착석 가능,53.3,2,둥근테이블,술집,30,14,16,0.5333,4,4,30,5,split,2,true,1,골목분식포차,붙어 앉기는 어렵지만 현재 빈 테이블 2개로 분리 착석은 가능합니다.
req-00305,9,친구 모임,front_gate,정문,2,23:31,23시대,112,split_ok,일부 분리 가능,together_likely,같이 앉기 가능성 높음,83.8,2,긴테이블집,한식주점,30,14,16,0.5333,10,6,30,3,together_single,1,false,0,,현재 빈 테이블 기준으로 4인 테이블 1개 배정이 가능합니다.
req-00274,9,학생회 행사 후 모임,front_gate,정문,13,23:44,23시대,122,together,붙어 앉기 선호,difficult,현재 조건에서는 어려움,0,0,긴테이블집,한식주점,30,0,30,1,10,0,30,0,none,0,true,2,긴테이블집 | 강의끝포차,붙어 앉기 선호 요청이지만 이 매장의 최대 붙여 앉기 가능 인원은 10명입니다.
req-00290,9,친구 모임,food_street,먹자골목,4,23:46,23시대,85,split_ok,일부 분리 가능,together_likely,같이 앉기 가능성 높음,82.56,2,큰마당호프,호프,54,16,38,0.7037,18,12,54,6,together_single,1,false,0,,현재 빈 테이블 기준으로 4인 테이블 1개 배정이 가능합니다.
req-00277,9,친구 모임,front_gate,정문,3,23:48,23시대,105,any,같은 매장이면 괜찮음,inquiry_recommended,문의 권장,46.6,2,긴테이블집,한식주점,30,6,24,0.8,10,6,30,1,together_single,1,true,1,강의끝포차,빈자리는 있으나 피크 시간대 점유와 테이블 결합 여유가 작아 문의가 필요합니다.
req-00273,9,과 행사 뒤풀이,back_gate,후문,12,23:58,23시대,166,together,붙어 앉기 선호,difficult,현재 조건에서는 어려움,0,0,후문마당,고깃집,36,0,36,1,12,0,36,0,none,0,true,3,후문마당 | 둥근테이블 | 골목분식포차,현재 점유 중인 테이블 때문에 요청 인원에 맞는 빈 테이블 조합이 부족합니다.
req-00302,9,친구 모임,back_gate,후문,3,00:09(+1),24시대(0시대),101,together,붙어 앉기 선호,inquiry_recommended,문의 권장,35.2,1,후문마당,고깃집,36,0,36,1,12,0,36,0,together_single,1,true,3,후문마당 | 둥근테이블 | 골목분식포차,입장 가능 여부는 매장에 대기/정리 시간을 문의해야 합니다.
req-00282,9,친구 모임,station,역 앞,5,00:39(+1),24시대(0시대),150,together,붙어 앉기 선호,difficult,현재 조건에서는 어려움,0,0,조용한룸,이자카야,30,4,26,0.8667,10,4,30,1,none,0,true,2,조용한룸 | 작은잔,현재 점유 중인 테이블 때문에 요청 인원에 맞는 빈 테이블 조합이 부족합니다.
req-00294,9,친구 모임,back_gate,후문,6,01:01(+1),25시대(1시대),103,together,붙어 앉기 선호,together_likely,같이 앉기 가능성 높음,85.07,1,후문마당,고깃집,36,14,22,0.6111,12,8,36,3,together_single,1,false,0,,현재 빈 테이블 기준으로 6인 긴 테이블 1개 배정이 가능합니다.
req-00288,9,소규모 술자리,front_gate,정문,3,01:07(+1),25시대(1시대),83,split_ok,일부 분리 가능,together_likely,같이 앉기 가능성 높음,87.95,2,강의끝포차,포차,34,18,16,0.4706,8,8,34,5,together_single,1,false,0,,현재 빈 테이블 기준으로 4인 테이블 1개 배정이 가능합니다.
req-00295,9,동아리 전체 모임,food_street,먹자골목,9,01:17(+1),25시대(1시대),132,split_ok,일부 분리 가능,inquiry_recommended,문의 권장,36.08,1,큰마당호프,호프,54,8,46,0.8519,18,8,54,4,together_combined,4,true,2,큰마당호프 | 반칸라운지,입장 가능 여부는 매장에 대기/정리 시간을 문의해야 합니다.
req-00322,10,과 행사 뒤풀이,back_gate,후문,14,18:13,18시대,145,split_ok,일부 분리 가능,split_only,분리 착석 가능,60,2,후문마당,고깃집,36,36,0,0,12,12,36,8,split,3,true,1,골목분식포차,붙어 앉기는 어렵지만 현재 빈 테이블 3개로 분리 착석은 가능합니다.
req-00338,10,소규모 술자리,campus_nearby,캠퍼스 주변,4,18:27,18시대,97,split_ok,일부 분리 가능,together_likely,같이 앉기 가능성 높음,93,1,넓은홀식당,식당형 술집,48,44,4,0.0833,18,18,48,10,together_single,1,false,0,,현재 빈 테이블 기준으로 4인 테이블 1개 배정이 가능합니다.
req-00332,10,조모임 뒤풀이,food_street,먹자골목,7,18:39,18시대,92,any,같은 매장이면 괜찮음,inquiry_recommended,문의 권장,46.72,2,큰마당호프,호프,54,10,44,0.8148,18,10,54,3,together_combined,2,false,0,,빈자리는 있으나 피크 시간대 점유와 테이블 결합 여유가 작아 문의가 필요합니다.
req-00313,10,소규모 술자리,campus_nearby,캠퍼스 주변,2,19:26,19시대,126,together,붙어 앉기 선호,together_likely,같이 앉기 가능성 높음,86.5,1,넓은홀식당,식당형 술집,48,18,30,0.625,18,12,48,4,together_single,1,false,0,,현재 빈 테이블 기준으로 2인 테이블 1개 배정이 가능합니다.
req-00312,10,친구 모임,food_street,먹자골목,2,19:37,19시대,116,split_ok,일부 분리 가능,inquiry_recommended,문의 권장,48.8,2,반칸라운지,라운지,40,4,36,0.9,20,4,40,2,together_single,1,false,0,,빈자리는 있으나 피크 시간대 점유와 테이블 결합 여유가 작아 문의가 필요합니다.
req-00336,10,과 행사 뒤풀이,station,역 앞,9,19:37,19시대,151,split_ok,일부 분리 가능,split_only,분리 착석 가능,55.6,2,조용한룸,이자카야,30,20,10,0.3333,10,8,30,6,split,3,true,1,조용한룸,붙어 앉기는 어렵지만 현재 빈 테이블 3개로 분리 착석은 가능합니다.
req-00325,10,친구 모임,food_street,먹자골목,2,19:47,19시대,117,together,붙어 앉기 선호,together_likely,같이 앉기 가능성 높음,83.4,2,반칸라운지,라운지,40,10,30,0.75,20,6,40,3,together_single,1,false,0,,현재 좌석 점유율이 높습니다.
req-00316,10,친구 모임,campus_nearby,캠퍼스 주변,8,20:04,20시대,126,any,같은 매장이면 괜찮음,split_only,분리 착석 가능,51.7,1,넓은홀식당,식당형 술집,48,12,36,0.75,18,6,48,3,split,2,false,0,,현재 좌석 점유율이 높습니다.
req-00321,10,조모임 뒤풀이,front_gate,정문,6,20:04,20시대,95,any,같은 매장이면 괜찮음,inquiry_recommended,문의 권장,48.6,2,긴테이블집,한식주점,30,10,20,0.6667,10,10,30,1,together_single,1,true,1,강의끝포차,빈자리는 있으나 피크 시간대 점유와 테이블 결합 여유가 작아 문의가 필요합니다.
req-00333,10,조모임 뒤풀이,front_gate,정문,7,20:12,20시대,101,split_ok,일부 분리 가능,inquiry_recommended,문의 권장,30.7,1,긴테이블집,한식주점,30,0,30,1,10,0,30,0,split,2,true,2,긴테이블집 | 강의끝포차,입장 가능 여부는 매장에 대기/정리 시간을 문의해야 합니다.
req-00311,10,소규모 술자리,back_gate,후문,4,20:38,20시대,83,any,같은 매장이면 괜찮음,together_likely,같이 앉기 가능성 높음,87.67,3,후문마당,고깃집,36,26,10,0.2778,12,12,36,6,together_single,1,false,0,,현재 빈 테이블 기준으로 4인 테이블 1개 배정이 가능합니다.
req-00319,10,소규모 술자리,back_gate,후문,2,20:47,20시대,100,together,붙어 앉기 선호,together_likely,같이 앉기 가능성 높음,85.97,3,골목분식포차,분식포차,14,10,4,0.2857,4,4,14,4,together_single,1,false,0,,현재 빈 테이블 기준으로 2인 테이블 1개 배정이 가능합니다.
req-00324,10,소규모 술자리,front_gate,정문,4,21:01,21시대,122,any,같은 매장이면 괜찮음,together_likely,같이 앉기 가능성 높음,85.4,2,긴테이블집,한식주점,30,16,14,0.4667,10,6,30,3,together_single,1,false,0,,현재 빈 테이블 기준으로 4인 테이블 1개 배정이 가능합니다.
req-00331,10,과 행사 뒤풀이,back_gate,후문,12,21:20,21시대,112,split_ok,일부 분리 가능,together_likely,같이 앉기 가능성 높음,76.57,1,후문마당,고깃집,36,20,16,0.4444,12,12,36,4,together_combined,2,true,2,둥근테이블 | 골목분식포차,현재 빈 테이블 기준으로 2개 테이블 결합 배정이 가능합니다.
req-00339,10,소규모 술자리,back_gate,후문,4,21:25,21시대,126,together,붙어 앉기 선호,inquiry_recommended,문의 권장,39,2,둥근테이블,술집,30,6,24,0.8,4,4,30,2,together_single,1,true,2,골목분식포차 | 후문마당,빈자리는 있으나 피크 시간대 점유와 테이블 결합 여유가 작아 문의가 필요합니다.
req-00335,10,조모임 뒤풀이,station,역 앞,5,21:37,21시대,103,split_ok,일부 분리 가능,split_only,분리 착석 가능,52.77,2,작은잔,바,18,10,8,0.4444,4,4,18,4,split,2,false,0,,붙어 앉기는 어렵지만 현재 빈 테이블 2개로 분리 착석은 가능합니다.
req-00323,10,조모임 뒤풀이,food_street,먹자골목,8,21:42,21시대,136,any,같은 매장이면 괜찮음,together_likely,같이 앉기 가능성 높음,86.8,2,반칸라운지,라운지,40,26,14,0.35,20,12,40,6,together_single,1,false,0,,현재 빈 테이블 기준으로 8인 긴 테이블 1개 배정이 가능합니다.
req-00329,10,소규모 술자리,food_street,먹자골목,3,21:46,21시대,106,together,붙어 앉기 선호,together_likely,같이 앉기 가능성 높음,86.4,2,반칸라운지,라운지,40,26,14,0.35,20,12,40,7,together_single,1,false,0,,현재 빈 테이블 기준으로 4인 테이블 1개 배정이 가능합니다.
req-00315,10,조모임 뒤풀이,front_gate,정문,8,22:18,22시대,117,together,붙어 앉기 선호,difficult,현재 조건에서는 어려움,0,0,긴테이블집,한식주점,30,0,30,1,10,0,30,0,none,0,true,2,긴테이블집 | 강의끝포차,현재 점유 중인 테이블 때문에 요청 인원에 맞는 빈 테이블 조합이 부족합니다.
req-00340,10,친구 모임,front_gate,정문,3,22:20,22시대,91,any,같은 매장이면 괜찮음,inquiry_recommended,문의 권장,40.2,2,긴테이블집,한식주점,30,0,30,1,10,0,30,0,together_single,1,true,2,긴테이블집 | 강의끝포차,입장 가능 여부는 매장에 대기/정리 시간을 문의해야 합니다.
req-00314,10,동아리 소모임,food_street,먹자골목,7,22:25,22시대,94,together,붙어 앉기 선호,difficult,현재 조건에서는 어려움,0,0,반칸라운지,라운지,40,2,38,0.95,20,2,40,1,none,0,true,2,반칸라운지 | 큰마당호프,현재 점유 중인 테이블 때문에 요청 인원에 맞는 빈 테이블 조합이 부족합니다.
req-00327,10,조모임 뒤풀이,station,역 앞,7,22:33,22시대,130,any,같은 매장이면 괜찮음,difficult,현재 조건에서는 어려움,0,0,조용한룸,이자카야,30,6,24,0.8,10,6,30,2,none,0,true,2,조용한룸 | 작은잔,현재 점유 중인 테이블 때문에 요청 인원에 맞는 빈 테이블 조합이 부족합니다.
req-00326,10,조모임 뒤풀이,food_street,먹자골목,6,22:51,22시대,132,split_ok,일부 분리 가능,inquiry_recommended,문의 권장,42.29,1,큰마당호프,호프,54,4,50,0.9259,18,4,54,1,together_single,1,true,2,큰마당호프 | 반칸라운지,입장 가능 여부는 매장에 대기/정리 시간을 문의해야 합니다.
req-00309,10,조모임 뒤풀이,station,역 앞,5,23:09,23시대,155,together,붙어 앉기 선호,difficult,현재 조건에서는 어려움,0,0,조용한룸,이자카야,30,0,30,1,10,0,30,0,none,0,true,2,조용한룸 | 작은잔,현재 점유 중인 테이블 때문에 요청 인원에 맞는 빈 테이블 조합이 부족합니다.
req-00318,10,친구 모임,front_gate,정문,5,23:24,23시대,122,any,같은 매장이면 괜찮음,together_likely,같이 앉기 가능성 높음,85,2,긴테이블집,한식주점,30,16,14,0.4667,10,6,30,3,together_single,1,false,0,,현재 빈 테이블 기준으로 6인 긴 테이블 1개 배정이 가능합니다.
req-00307,10,친구 모임,front_gate,정문,5,23:26,23시대,130,any,같은 매장이면 괜찮음,inquiry_recommended,문의 권장,50.6,2,긴테이블집,한식주점,30,10,20,0.6667,10,6,30,2,together_single,1,false,0,,빈자리는 있으나 피크 시간대 점유와 테이블 결합 여유가 작아 문의가 필요합니다.
req-00308,10,친구 모임,back_gate,후문,7,23:28,23시대,94,together,붙어 앉기 선호,inquiry_recommended,문의 권장,34.57,1,후문마당,고깃집,36,8,28,0.7778,12,8,36,2,together_combined,2,true,2,둥근테이블 | 골목분식포차,빈자리는 있으나 피크 시간대 점유와 테이블 결합 여유가 작아 문의가 필요합니다.
req-00337,10,과 행사 뒤풀이,food_street,먹자골목,10,23:31,23시대,131,any,같은 매장이면 괜찮음,inquiry_recommended,문의 권장,40.31,2,큰마당호프,호프,54,14,40,0.7407,18,14,54,4,together_combined,3,true,1,반칸라운지,빈자리는 있으나 피크 시간대 점유와 테이블 결합 여유가 작아 문의가 필요합니다.
req-00330,10,친구 모임,food_street,먹자골목,2,23:49,23시대,119,split_ok,일부 분리 가능,together_likely,같이 앉기 가능성 높음,82.6,2,반칸라운지,라운지,40,12,28,0.7,20,6,40,3,together_single,1,false,0,,현재 빈 테이블 기준으로 2인 테이블 1개 배정이 가능합니다.
req-00334,10,조모임 뒤풀이,back_gate,후문,5,23:51,23시대,119,split_ok,일부 분리 가능,inquiry_recommended,문의 권장,38.83,2,후문마당,고깃집,36,4,32,0.8889,12,4,36,1,together_combined,2,true,3,후문마당 | 둥근테이블 | 골목분식포차,입장 가능 여부는 매장에 대기/정리 시간을 문의해야 합니다.
req-00320,10,친구 모임,front_gate,정문,5,00:11(+1),24시대(0시대),139,split_ok,일부 분리 가능,together_likely,같이 앉기 가능성 높음,86.57,2,강의끝포차,포차,34,24,10,0.2941,8,8,34,8,together_combined,2,false,0,,현재 빈 테이블 기준으로 2개 테이블 결합 배정이 가능합니다.
req-00310,10,동아리 소모임,food_street,먹자골목,7,00:16(+1),24시대(0시대),119,split_ok,일부 분리 가능,together_likely,같이 앉기 가능성 높음,87,2,반칸라운지,라운지,40,18,22,0.55,20,14,40,3,together_single,1,false,0,,현재 빈 테이블 기준으로 8인 긴 테이블 1개 배정이 가능합니다.
req-00328,10,소규모 술자리,front_gate,정문,3,00:53(+1),24시대(0시대),122,split_ok,일부 분리 가능,together_likely,같이 앉기 가능성 높음,80.42,2,강의끝포차,포차,34,8,26,0.7647,8,6,34,3,together_single,1,false,0,,현재 좌석 점유율이 높습니다.
req-00317,10,동아리 소모임,food_street,먹자골목,8,01:32(+1),25시대(1시대),99,together,붙어 앉기 선호,together_likely,같이 앉기 가능성 높음,90.5,2,큰마당호프,호프,54,54,0,0,18,18,54,14,together_combined,2,false,0,,현재 빈 테이블 기준으로 2개 테이블 결합 배정이 가능합니다.
req-00370,11,동아리 전체 모임,campus_nearby,캠퍼스 주변,9,18:09,18시대,134,any,같은 매장이면 괜찮음,inquiry_recommended,문의 권장,56.6,1,넓은홀식당,식당형 술집,48,48,0,0,18,18,48,11,together_combined,3,false,0,,빈자리는 있으나 피크 시간대 점유와 테이블 결합 여유가 작아 문의가 필요합니다.
req-00367,11,친구 모임,food_street,먹자골목,5,18:10,18시대,113,together,붙어 앉기 선호,together_likely,같이 앉기 가능성 높음,93.6,2,큰마당호프,호프,54,54,0,0,18,18,54,14,together_single,1,false,0,,현재 빈 테이블 기준으로 6인 긴 테이블 1개 배정이 가능합니다.
req-00353,11,MT 뒤풀이,food_street,먹자골목,9,18:26,18시대,127,any,같은 매장이면 괜찮음,inquiry_recommended,문의 권장,55.27,1,큰마당호프,호프,54,48,6,0.1111,18,16,54,13,together_combined,3,true,1,반칸라운지,빈자리는 있으나 피크 시간대 점유와 테이블 결합 여유가 작아 문의가 필요합니다.
req-00358,11,동아리 소모임,campus_nearby,캠퍼스 주변,7,18:43,18시대,136,together,붙어 앉기 선호,together_likely,같이 앉기 가능성 높음,82,1,넓은홀식당,식당형 술집,48,22,26,0.5417,18,18,48,4,together_combined,2,false,0,,현재 빈 테이블 기준으로 2개 테이블 결합 배정이 가능합니다.
req-00354,11,소규모 술자리,food_street,먹자골목,4,18:53,18시대,115,together,붙어 앉기 선호,inquiry_recommended,문의 권장,39.2,2,반칸라운지,라운지,40,4,36,0.9,20,4,40,1,together_single,1,false,0,,빈자리는 있으나 피크 시간대 점유와 테이블 결합 여유가 작아 문의가 필요합니다.
req-00372,11,동아리 전체 모임,back_gate,후문,13,19:02,19시대,156,together,붙어 앉기 선호,difficult,현재 조건에서는 어려움,0,0,후문마당,고깃집,36,20,16,0.4444,12,12,36,5,none,0,true,1,골목분식포차,붙어 앉기 선호 요청이지만 이 매장의 최대 붙여 앉기 가능 인원은 12명입니다.
req-00371,11,동아리 소모임,back_gate,후문,7,19:35,19시대,101,together,붙어 앉기 선호,difficult,현재 조건에서는 어려움,0,0,후문마당,고깃집,36,4,32,0.8889,12,4,36,1,none,0,true,3,후문마당 | 둥근테이블 | 골목분식포차,현재 점유 중인 테이블 때문에 요청 인원에 맞는 빈 테이블 조합이 부족합니다.
req-00368,11,소규모 술자리,back_gate,후문,4,19:50,19시대,105,any,같은 매장이면 괜찮음,inquiry_recommended,문의 권장,47.33,1,후문마당,고깃집,36,4,32,0.8889,12,4,36,1,together_single,1,true,2,둥근테이블 | 골목분식포차,빈자리는 있으나 피크 시간대 점유와 테이블 결합 여유가 작아 문의가 필요합니다.
req-00359,11,친구 모임,front_gate,정문,8,20:13,20시대,127,any,같은 매장이면 괜찮음,difficult,현재 조건에서는 어려움,0,0,긴테이블집,한식주점,30,6,24,0.8,10,6,30,1,none,0,true,2,긴테이블집 | 강의끝포차,현재 점유 중인 테이블 때문에 요청 인원에 맞는 빈 테이블 조합이 부족합니다.
req-00350,11,소규모 술자리,food_street,먹자골목,4,20:15,20시대,102,together,붙어 앉기 선호,inquiry_recommended,문의 권장,38.4,2,반칸라운지,라운지,40,6,34,0.85,20,6,40,2,together_single,1,false,0,,빈자리는 있으나 피크 시간대 점유와 테이블 결합 여유가 작아 문의가 필요합니다.
req-00357,11,조모임 뒤풀이,front_gate,정문,6,20:20,20시대,125,split_ok,일부 분리 가능,difficult,현재 조건에서는 어려움,0,0,긴테이블집,한식주점,30,0,30,1,10,0,30,0,none,0,true,2,긴테이블집 | 강의끝포차,현재 점유 중인 테이블 때문에 요청 인원에 맞는 빈 테이블 조합이 부족합니다.
req-00355,11,소규모 술자리,campus_nearby,캠퍼스 주변,4,20:28,20시대,117,any,같은 매장이면 괜찮음,together_likely,같이 앉기 가능성 높음,83.5,1,넓은홀식당,식당형 술집,48,18,30,0.625,18,10,48,5,together_single,1,false,0,,현재 빈 테이블 기준으로 4인 테이블 1개 배정이 가능합니다.
req-00362,11,MT 뒤풀이,food_street,먹자골목,10,20:35,20시대,117,any,같은 매장이면 괜찮음,inquiry_recommended,문의 권장,46.89,2,큰마당호프,호프,54,22,32,0.5926,18,16,54,7,together_combined,3,true,1,반칸라운지,빈자리는 있으나 피크 시간대 점유와 테이블 결합 여유가 작아 문의가 필요합니다.
req-00343,11,소규모 술자리,back_gate,후문,3,20:48,20시대,124,together,붙어 앉기 선호,inquiry_recommended,문의 권장,32.2,2,후문마당,고깃집,36,0,36,1,12,0,36,0,together_single,1,true,3,후문마당 | 둥근테이블 | 골목분식포차,입장 가능 여부는 매장에 대기/정리 시간을 문의해야 합니다.
req-00346,11,학생회 행사 후 모임,front_gate,정문,13,21:07,21시대,141,split_ok,일부 분리 가능,inquiry_recommended,문의 권장,25.91,1,강의끝포차,포차,34,2,32,0.9412,8,2,34,1,split,3,true,2,강의끝포차 | 긴테이블집,입장 가능 여부는 매장에 대기/정리 시간을 문의해야 합니다.
req-00363,11,동아리 전체 모임,back_gate,후문,10,21:37,21시대,163,together,붙어 앉기 선호,together_likely,같이 앉기 가능성 높음,77.37,1,후문마당,고깃집,36,20,16,0.4444,12,12,36,4,together_combined,2,true,1,골목분식포차,현재 빈 테이블 기준으로 2개 테이블 결합 배정이 가능합니다.
req-00341,11,동아리 소모임,station,역 앞,6,21:53,21시대,153,together,붙어 앉기 선호,inquiry_recommended,문의 권장,38.7,1,조용한룸,이자카야,30,10,20,0.6667,10,8,30,3,together_combined,2,true,1,작은잔,빈자리는 있으나 피크 시간대 점유와 테이블 결합 여유가 작아 문의가 필요합니다.
req-00369,11,친구 모임,campus_nearby,캠퍼스 주변,2,22:16,22시대,100,any,같은 매장이면 괜찮음,together_likely,같이 앉기 가능성 높음,74.1,1,넓은홀식당,식당형 술집,48,6,42,0.875,18,6,48,1,together_single,1,false,0,,현재 좌석 점유율이 높습니다.
req-00344,11,소규모 술자리,campus_nearby,캠퍼스 주변,4,22:23,22시대,129,split_ok,일부 분리 가능,inquiry_recommended,문의 권장,45.3,1,넓은홀식당,식당형 술집,48,6,42,0.875,18,6,48,1,together_single,1,false,0,,빈자리는 있으나 피크 시간대 점유와 테이블 결합 여유가 작아 문의가 필요합니다.
req-00361,11,동아리 소모임,back_gate,후문,6,22:41,22시대,129,together,붙어 앉기 선호,difficult,현재 조건에서는 어려움,0,0,후문마당,고깃집,36,0,36,1,12,0,36,0,none,0,true,2,후문마당 | 둥근테이블,현재 점유 중인 테이블 때문에 요청 인원에 맞는 빈 테이블 조합이 부족합니다.
req-00352,11,과 행사 뒤풀이,back_gate,후문,13,22:46,22시대,153,together,붙어 앉기 선호,difficult,현재 조건에서는 어려움,0,0,후문마당,고깃집,36,0,36,1,12,0,36,0,none,0,true,3,후문마당 | 둥근테이블 | 골목분식포차,붙어 앉기 선호 요청이지만 이 매장의 최대 붙여 앉기 가능 인원은 12명입니다.
req-00373,11,친구 모임,front_gate,정문,5,22:56,22시대,146,split_ok,일부 분리 가능,together_likely,같이 앉기 가능성 높음,86.6,1,긴테이블집,한식주점,30,20,10,0.3333,10,10,30,3,together_single,1,true,1,강의끝포차,현재 빈 테이블 기준으로 6인 긴 테이블 1개 배정이 가능합니다.
req-00347,11,학생회 행사 후 모임,back_gate,후문,9,23:06,23시대,154,split_ok,일부 분리 가능,inquiry_recommended,문의 권장,26.8,2,둥근테이블,술집,30,2,28,0.9333,4,2,30,1,split,3,true,3,둥근테이블 | 후문마당 | 골목분식포차,입장 가능 여부는 매장에 대기/정리 시간을 문의해야 합니다.
req-00366,11,동아리 소모임,station,역 앞,5,23:10,23시대,112,split_ok,일부 분리 가능,together_likely,같이 앉기 가능성 높음,87.4,2,조용한룸,이자카야,30,26,4,0.1333,10,10,30,6,together_single,1,false,0,,현재 빈 테이블 기준으로 룸 테이블 1개 배정이 가능합니다.
req-00345,11,친구 모임,back_gate,후문,3,23:12,23시대,122,any,같은 매장이면 괜찮음,split_only,분리 착석 가능,49.33,3,골목분식포차,분식포차,14,4,10,0.7143,4,2,14,2,split,2,true,1,후문마당,붙어 앉기는 어렵지만 현재 빈 테이블 2개로 분리 착석은 가능합니다.
req-00342,11,동아리 전체 모임,food_street,먹자골목,9,23:28,23시대,142,split_ok,일부 분리 가능,split_only,분리 착석 가능,43.17,1,큰마당호프,호프,54,12,42,0.7778,18,6,54,3,split,2,true,2,큰마당호프 | 반칸라운지,현재 좌석 점유율이 높습니다.
req-00364,11,동아리 소모임,back_gate,후문,5,23:30,23시대,99,any,같은 매장이면 괜찮음,split_only,분리 착석 가능,58.7,2,둥근테이블,술집,30,16,14,0.4667,4,4,30,4,split,2,true,1,골목분식포차,붙어 앉기는 어렵지만 현재 빈 테이블 2개로 분리 착석은 가능합니다.
req-00348,11,소규모 술자리,station,역 앞,4,23:55,23시대,98,split_ok,일부 분리 가능,together_likely,같이 앉기 가능성 높음,91,2,작은잔,바,18,18,0,0,4,4,18,6,together_single,1,false,0,,현재 빈 테이블 기준으로 4인 테이블 1개 배정이 가능합니다.
req-00360,11,소규모 술자리,front_gate,정문,4,23:58,23시대,121,any,같은 매장이면 괜찮음,together_likely,같이 앉기 가능성 높음,86.06,1,강의끝포차,포차,34,20,14,0.4118,8,8,34,5,together_single,1,true,1,긴테이블집,현재 빈 테이블 기준으로 4인 테이블 1개 배정이 가능합니다.
req-00351,11,과 행사 뒤풀이,front_gate,정문,13,00:33(+1),24시대(0시대),148,together,붙어 앉기 선호,difficult,현재 조건에서는 어려움,0,0,긴테이블집,한식주점,30,0,30,1,10,0,30,0,none,0,true,1,긴테이블집,붙어 앉기 선호 요청이지만 이 매장의 최대 붙여 앉기 가능 인원은 10명입니다.
req-00349,11,친구 모임,campus_nearby,캠퍼스 주변,3,00:43(+1),24시대(0시대),115,split_ok,일부 분리 가능,together_likely,같이 앉기 가능성 높음,90.6,1,넓은홀식당,식당형 술집,48,36,12,0.25,18,18,48,8,together_single,1,false,0,,현재 빈 테이블 기준으로 4인 테이블 1개 배정이 가능합니다.
req-00365,11,조모임 뒤풀이,front_gate,정문,6,00:59(+1),24시대(0시대),126,any,같은 매장이면 괜찮음,together_likely,같이 앉기 가능성 높음,91.6,2,긴테이블집,한식주점,30,24,6,0.2,10,10,30,4,together_single,1,false,0,,현재 빈 테이블 기준으로 6인 긴 테이블 1개 배정이 가능합니다.
req-00356,11,조모임 뒤풀이,back_gate,후문,5,01:02(+1),25시대(1시대),130,split_ok,일부 분리 가능,together_likely,같이 앉기 가능성 높음,82.63,3,후문마당,고깃집,36,16,20,0.5556,12,12,36,4,together_combined,2,false,0,,현재 빈 테이블 기준으로 2개 테이블 결합 배정이 가능합니다.
req-00387,12,조모임 뒤풀이,food_street,먹자골목,8,18:26,18시대,129,any,같은 매장이면 괜찮음,together_likely,같이 앉기 가능성 높음,91,2,반칸라운지,라운지,40,30,10,0.25,20,14,40,7,together_single,1,false,0,,현재 빈 테이블 기준으로 8인 긴 테이블 1개 배정이 가능합니다.
req-00385,12,친구 모임,station,역 앞,2,18:42,18시대,110,any,같은 매장이면 괜찮음,together_likely,같이 앉기 가능성 높음,90,2,조용한룸,이자카야,30,20,10,0.3333,10,8,30,6,together_single,1,false,0,,현재 빈 테이블 기준으로 2인 테이블 1개 배정이 가능합니다.
req-00399,12,소규모 술자리,station,역 앞,2,18:45,18시대,112,split_ok,일부 분리 가능,together_likely,같이 앉기 가능성 높음,89.2,2,조용한룸,이자카야,30,18,12,0.4,10,8,30,5,together_single,1,false,0,,현재 빈 테이블 기준으로 2인 테이블 1개 배정이 가능합니다.
req-00406,12,친구 모임,back_gate,후문,2,19:08,19시대,117,together,붙어 앉기 선호,together_likely,같이 앉기 가능성 높음,94,3,둥근테이블,술집,30,30,0,0,4,4,30,9,together_single,1,false,0,,현재 빈 테이블 기준으로 2인 테이블 1개 배정이 가능합니다.
req-00384,12,친구 모임,station,역 앞,8,19:10,19시대,92,any,같은 매장이면 괜찮음,difficult,현재 조건에서는 어려움,0,0,조용한룸,이자카야,30,4,26,0.8667,10,4,30,1,none,0,true,2,조용한룸 | 작은잔,현재 점유 중인 테이블 때문에 요청 인원에 맞는 빈 테이블 조합이 부족합니다.
req-00386,12,조모임 뒤풀이,front_gate,정문,7,19:32,19시대,151,together,붙어 앉기 선호,together_likely,같이 앉기 가능성 높음,84.45,2,강의끝포차,포차,34,18,16,0.4706,8,8,34,6,together_combined,2,true,1,긴테이블집,현재 빈 테이블 기준으로 2개 테이블 결합 배정이 가능합니다.
req-00388,12,조모임 뒤풀이,station,역 앞,7,19:36,19시대,153,split_ok,일부 분리 가능,difficult,현재 조건에서는 어려움,0,0,조용한룸,이자카야,30,4,26,0.8667,10,4,30,1,none,0,true,2,조용한룸 | 작은잔,현재 점유 중인 테이블 때문에 요청 인원에 맞는 빈 테이블 조합이 부족합니다.
req-00393,12,소규모 술자리,campus_nearby,캠퍼스 주변,3,19:48,19시대,93,split_ok,일부 분리 가능,together_likely,같이 앉기 가능성 높음,85.8,1,넓은홀식당,식당형 술집,48,20,28,0.5833,18,18,48,4,together_single,1,false,0,,현재 빈 테이블 기준으로 6인 긴 테이블 1개 배정이 가능합니다.
req-00374,12,조모임 뒤풀이,front_gate,정문,7,20:00,20시대,95,split_ok,일부 분리 가능,inquiry_recommended,문의 권장,36.2,1,긴테이블집,한식주점,30,0,30,1,10,0,30,0,together_single,1,true,2,긴테이블집 | 강의끝포차,입장 가능 여부는 매장에 대기/정리 시간을 문의해야 합니다.
req-00375,12,조모임 뒤풀이,back_gate,후문,6,20:11,20시대,114,together,붙어 앉기 선호,inquiry_recommended,문의 권장,46.07,1,후문마당,고깃집,36,14,22,0.6111,12,8,36,3,together_single,1,true,1,골목분식포차,빈자리는 있으나 피크 시간대 점유와 테이블 결합 여유가 작아 문의가 필요합니다.
req-00401,12,동아리 소모임,back_gate,후문,6,21:26,21시대,150,split_ok,일부 분리 가능,split_only,분리 착석 가능,60.9,3,골목분식포차,분식포차,14,14,0,0,4,4,14,5,split,2,false,0,,붙어 앉기는 어렵지만 현재 빈 테이블 2개로 분리 착석은 가능합니다.
req-00403,12,친구 모임,front_gate,정문,8,21:41,21시대,111,together,붙어 앉기 선호,together_likely,같이 앉기 가능성 높음,79.55,2,강의끝포차,포차,34,16,18,0.5294,8,8,34,4,together_combined,2,true,1,긴테이블집,현재 빈 테이블 기준으로 2개 테이블 결합 배정이 가능합니다.
req-00395,12,조모임 뒤풀이,campus_nearby,캠퍼스 주변,6,21:50,21시대,143,split_ok,일부 분리 가능,together_likely,같이 앉기 가능성 높음,86.5,1,넓은홀식당,식당형 술집,48,30,18,0.375,18,12,48,8,together_single,1,false,0,,현재 빈 테이블 기준으로 6인 긴 테이블 1개 배정이 가능합니다.
req-00400,12,동아리 소모임,front_gate,정문,8,22:13,22시대,104,any,같은 매장이면 괜찮음,split_only,분리 착석 가능,46.82,1,강의끝포차,포차,34,8,26,0.7647,8,6,34,3,split,3,true,1,긴테이블집,현재 좌석 점유율이 높습니다.
req-00398,12,소규모 술자리,food_street,먹자골목,3,22:36,22시대,104,split_ok,일부 분리 가능,together_likely,같이 앉기 가능성 높음,86.6,2,큰마당호프,호프,54,36,18,0.3333,18,16,54,9,together_single,1,false,0,,현재 빈 테이블 기준으로 4인 테이블 1개 배정이 가능합니다.
req-00378,12,조모임 뒤풀이,food_street,먹자골목,8,22:48,22시대,98,any,같은 매장이면 괜찮음,inquiry_recommended,문의 권장,39.78,1,큰마당호프,호프,54,8,46,0.8519,18,8,54,3,together_combined,3,true,1,반칸라운지,빈자리는 있으나 피크 시간대 점유와 테이블 결합 여유가 작아 문의가 필요합니다.
req-00402,12,조모임 뒤풀이,station,역 앞,7,22:48,22시대,155,together,붙어 앉기 선호,difficult,현재 조건에서는 어려움,0,0,조용한룸,이자카야,30,0,30,1,10,0,30,0,none,0,true,2,조용한룸 | 작은잔,현재 점유 중인 테이블 때문에 요청 인원에 맞는 빈 테이블 조합이 부족합니다.
req-00380,12,동아리 소모임,back_gate,후문,6,22:49,22시대,102,together,붙어 앉기 선호,difficult,현재 조건에서는 어려움,0,0,후문마당,고깃집,36,0,36,1,12,0,36,0,none,0,true,3,후문마당 | 둥근테이블 | 골목분식포차,현재 점유 중인 테이블 때문에 요청 인원에 맞는 빈 테이블 조합이 부족합니다.
req-00392,12,친구 모임,front_gate,정문,4,22:49,22시대,110,together,붙어 앉기 선호,inquiry_recommended,문의 권장,36.6,1,긴테이블집,한식주점,30,4,26,0.8667,10,4,30,1,together_single,1,true,1,강의끝포차,빈자리는 있으나 피크 시간대 점유와 테이블 결합 여유가 작아 문의가 필요합니다.
req-00383,12,학생회 행사 후 모임,back_gate,후문,10,22:59,22시대,139,together,붙어 앉기 선호,difficult,현재 조건에서는 어려움,0,0,후문마당,고깃집,36,0,36,1,12,0,36,0,none,0,true,3,후문마당 | 둥근테이블 | 골목분식포차,현재 점유 중인 테이블 때문에 요청 인원에 맞는 빈 테이블 조합이 부족합니다.
req-00397,12,친구 모임,front_gate,정문,2,23:00,23시대,94,split_ok,일부 분리 가능,difficult,현재 조건에서는 어려움,0,0,긴테이블집,한식주점,30,0,30,1,10,0,30,0,none,0,true,2,긴테이블집 | 강의끝포차,현재 점유 중인 테이블 때문에 요청 인원에 맞는 빈 테이블 조합이 부족합니다.
req-00382,12,소규모 술자리,back_gate,후문,4,23:02,23시대,124,together,붙어 앉기 선호,inquiry_recommended,문의 권장,31.8,2,둥근테이블,술집,30,0,30,1,4,0,30,0,together_single,1,true,3,둥근테이블 | 후문마당 | 골목분식포차,입장 가능 여부는 매장에 대기/정리 시간을 문의해야 합니다.
req-00389,12,친구 모임,station,역 앞,6,23:04,23시대,155,split_ok,일부 분리 가능,difficult,현재 조건에서는 어려움,0,0,조용한룸,이자카야,30,0,30,1,10,0,30,0,none,0,true,2,조용한룸 | 작은잔,현재 점유 중인 테이블 때문에 요청 인원에 맞는 빈 테이블 조합이 부족합니다.
req-00390,12,동아리 전체 모임,food_street,먹자골목,10,23:25,23시대,164,split_ok,일부 분리 가능,difficult,현재 조건에서는 어려움,0,0,반칸라운지,라운지,40,4,36,0.9,20,4,40,1,none,0,true,2,반칸라운지 | 큰마당호프,현재 점유 중인 테이블 때문에 요청 인원에 맞는 빈 테이블 조합이 부족합니다.
req-00381,12,조모임 뒤풀이,station,역 앞,5,23:39,23시대,127,together,붙어 앉기 선호,inquiry_recommended,문의 권장,26.3,1,조용한룸,이자카야,30,0,30,1,10,0,30,0,together_combined,2,true,1,조용한룸,입장 가능 여부는 매장에 대기/정리 시간을 문의해야 합니다.
req-00377,12,소규모 술자리,back_gate,후문,3,23:43,23시대,132,split_ok,일부 분리 가능,together_likely,같이 앉기 가능성 높음,83.27,3,후문마당,고깃집,36,14,22,0.6111,12,8,36,3,together_single,1,true,1,둥근테이블,현재 빈 테이블 기준으로 4인 테이블 1개 배정이 가능합니다.
req-00391,12,동아리 전체 모임,food_street,먹자골목,11,23:47,23시대,174,split_ok,일부 분리 가능,inquiry_recommended,문의 권장,29.2,1,반칸라운지,라운지,40,4,36,0.9,20,4,40,1,together_combined,3,true,2,반칸라운지 | 큰마당호프,입장 가능 여부는 매장에 대기/정리 시간을 문의해야 합니다.
req-00376,12,MT 뒤풀이,back_gate,후문,12,23:49,23시대,173,split_ok,일부 분리 가능,together_likely,같이 앉기 가능성 높음,79.5,2,후문마당,고깃집,36,24,12,0.3333,12,12,36,5,together_combined,2,true,2,둥근테이블 | 골목분식포차,현재 빈 테이블 기준으로 2개 테이블 결합 배정이 가능합니다.
req-00394,12,조모임 뒤풀이,back_gate,후문,6,23:58,23시대,140,split_ok,일부 분리 가능,split_only,분리 착석 가능,60.9,3,골목분식포차,분식포차,14,14,0,0,4,4,14,5,split,2,false,0,,붙어 앉기는 어렵지만 현재 빈 테이블 2개로 분리 착석은 가능합니다.
req-00396,12,동아리 소모임,front_gate,정문,5,00:02(+1),24시대(0시대),94,split_ok,일부 분리 가능,together_likely,같이 앉기 가능성 높음,89.36,2,강의끝포차,포차,34,22,12,0.3529,8,8,34,6,together_single,1,false,0,,현재 빈 테이블 기준으로 6인 긴 테이블 1개 배정이 가능합니다.
req-00404,12,친구 모임,station,역 앞,6,00:02(+1),24시대(0시대),92,together,붙어 앉기 선호,inquiry_recommended,문의 권장,38.5,1,조용한룸,이자카야,30,8,22,0.7333,10,8,30,2,together_combined,2,false,0,,빈자리는 있으나 피크 시간대 점유와 테이블 결합 여유가 작아 문의가 필요합니다.
req-00379,12,조모임 뒤풀이,station,역 앞,7,01:50(+1),25시대(1시대),138,split_ok,일부 분리 가능,difficult,현재 조건에서는 어려움,0,0,조용한룸,이자카야,30,4,26,0.8667,10,4,30,1,none,0,true,2,조용한룸 | 작은잔,현재 점유 중인 테이블 때문에 요청 인원에 맞는 빈 테이블 조합이 부족합니다.
req-00405,12,친구 모임,food_street,먹자골목,8,01:55(+1),25시대(1시대),150,split_ok,일부 분리 가능,together_likely,같이 앉기 가능성 높음,86.94,1,큰마당호프,호프,54,38,16,0.2963,18,18,54,10,together_combined,2,true,1,반칸라운지,현재 빈 테이블 기준으로 2개 테이블 결합 배정이 가능합니다.
req-00430,13,소규모 술자리,food_street,먹자골목,3,18:07,18시대,88,split_ok,일부 분리 가능,together_likely,같이 앉기 가능성 높음,93.6,2,큰마당호프,호프,54,54,0,0,18,18,54,14,together_single,1,false,0,,현재 빈 테이블 기준으로 4인 테이블 1개 배정이 가능합니다.
req-00422,13,소규모 술자리,food_street,먹자골목,2,19:11,19시대,85,split_ok,일부 분리 가능,together_likely,같이 앉기 가능성 높음,86.89,2,큰마당호프,호프,54,22,32,0.5926,18,14,54,6,together_single,1,false,0,,현재 빈 테이블 기준으로 2인 테이블 1개 배정이 가능합니다.
req-00418,13,과 행사 뒤풀이,back_gate,후문,10,19:17,19시대,166,together,붙어 앉기 선호,inquiry_recommended,문의 권장,33.8,1,후문마당,고깃집,36,12,24,0.6667,12,12,36,3,together_combined,3,true,2,둥근테이블 | 골목분식포차,빈자리는 있으나 피크 시간대 점유와 테이블 결합 여유가 작아 문의가 필요합니다.
req-00417,13,조모임 뒤풀이,front_gate,정문,7,19:25,19시대,115,together,붙어 앉기 선호,together_likely,같이 앉기 가능성 높음,82.95,1,강의끝포차,포차,34,16,18,0.5294,8,8,34,6,together_combined,2,true,1,긴테이블집,현재 빈 테이블 기준으로 2개 테이블 결합 배정이 가능합니다.
req-00408,13,친구 모임,front_gate,정문,2,19:28,19시대,135,together,붙어 앉기 선호,together_likely,같이 앉기 가능성 높음,81.62,2,강의끝포차,포차,34,8,26,0.7647,8,4,34,4,together_single,1,false,0,,현재 좌석 점유율이 높습니다.
req-00439,13,친구 모임,food_street,먹자골목,3,19:56,19시대,101,any,같은 매장이면 괜찮음,inquiry_recommended,문의 권장,43.2,1,큰마당호프,호프,54,0,54,1,18,0,54,0,together_single,1,true,2,큰마당호프 | 반칸라운지,입장 가능 여부는 매장에 대기/정리 시간을 문의해야 합니다.
req-00431,13,학생회 행사 후 모임,back_gate,후문,9,20:09,20시대,156,together,붙어 앉기 선호,inquiry_recommended,문의 권장,19.9,1,후문마당,고깃집,36,0,36,1,12,0,36,0,together_combined,2,true,3,후문마당 | 둥근테이블 | 골목분식포차,입장 가능 여부는 매장에 대기/정리 시간을 문의해야 합니다.
req-00434,13,소규모 술자리,back_gate,후문,4,20:09,20시대,83,any,같은 매장이면 괜찮음,together_likely,같이 앉기 가능성 높음,77.74,3,골목분식포차,분식포차,14,6,8,0.5714,4,4,14,2,together_single,1,true,1,후문마당,현재 빈 테이블 기준으로 4인 테이블 1개 배정이 가능합니다.
req-00426,13,조모임 뒤풀이,campus_nearby,캠퍼스 주변,5,20:10,20시대,146,split_ok,일부 분리 가능,together_likely,같이 앉기 가능성 높음,89.6,1,넓은홀식당,식당형 술집,48,44,4,0.0833,18,18,48,10,together_single,1,false,0,,현재 빈 테이블 기준으로 6인 긴 테이블 1개 배정이 가능합니다.
req-00425,13,소규모 술자리,food_street,먹자골목,4,20:15,20시대,113,any,같은 매장이면 괜찮음,inquiry_recommended,문의 권장,45.93,2,큰마당호프,호프,54,6,48,0.8889,18,6,54,2,together_single,1,true,1,반칸라운지,빈자리는 있으나 피크 시간대 점유와 테이블 결합 여유가 작아 문의가 필요합니다.
req-00410,13,동아리 전체 모임,station,역 앞,9,20:26,20시대,161,split_ok,일부 분리 가능,inquiry_recommended,문의 권장,33.2,1,작은잔,바,18,6,12,0.6667,4,2,18,3,split,3,true,2,작은잔 | 조용한룸,입장 가능 여부는 매장에 대기/정리 시간을 문의해야 합니다.
req-00421,13,조모임 뒤풀이,back_gate,후문,5,20:40,20시대,143,split_ok,일부 분리 가능,inquiry_recommended,문의 권장,38.83,3,후문마당,고깃집,36,4,32,0.8889,12,4,36,1,together_combined,2,true,3,후문마당 | 골목분식포차 | 둥근테이블,입장 가능 여부는 매장에 대기/정리 시간을 문의해야 합니다.
req-00424,13,조모임 뒤풀이,front_gate,정문,5,21:12,21시대,153,together,붙어 앉기 선호,inquiry_recommended,문의 권장,31.71,1,강의끝포차,포차,34,4,30,0.8824,8,4,34,2,together_combined,2,true,2,강의끝포차 | 긴테이블집,입장 가능 여부는 매장에 대기/정리 시간을 문의해야 합니다.
req-00435,13,동아리 소모임,front_gate,정문,7,21:15,21시대,115,split_ok,일부 분리 가능,inquiry_recommended,문의 권장,38.11,1,강의끝포차,포차,34,4,30,0.8824,8,4,34,2,together_combined,2,true,2,강의끝포차 | 긴테이블집,입장 가능 여부는 매장에 대기/정리 시간을 문의해야 합니다.
req-00438,13,소규모 술자리,front_gate,정문,2,21:29,21시대,102,split_ok,일부 분리 가능,together_likely,같이 앉기 가능성 높음,86.06,1,강의끝포차,포차,34,20,14,0.4118,8,8,34,6,together_single,1,true,1,긴테이블집,현재 빈 테이블 기준으로 2인 테이블 1개 배정이 가능합니다.
req-00429,13,조모임 뒤풀이,food_street,먹자골목,6,21:33,21시대,126,any,같은 매장이면 괜찮음,inquiry_recommended,문의 권장,55.89,2,큰마당호프,호프,54,22,32,0.5926,18,14,54,6,together_single,1,false,0,,빈자리는 있으나 피크 시간대 점유와 테이블 결합 여유가 작아 문의가 필요합니다.
req-00436,13,학생회 행사 후 모임,front_gate,정문,12,22:08,22시대,177,any,같은 매장이면 괜찮음,inquiry_recommended,문의 권장,25.5,1,긴테이블집,한식주점,30,0,30,1,10,0,30,0,split,2,true,2,긴테이블집 | 강의끝포차,입장 가능 여부는 매장에 대기/정리 시간을 문의해야 합니다.
req-00413,13,조모임 뒤풀이,front_gate,정문,8,22:31,22시대,147,split_ok,일부 분리 가능,difficult,현재 조건에서는 어려움,0,0,긴테이블집,한식주점,30,0,30,1,10,0,30,0,none,0,true,2,긴테이블집 | 강의끝포차,현재 점유 중인 테이블 때문에 요청 인원에 맞는 빈 테이블 조합이 부족합니다.
req-00437,13,소규모 술자리,campus_nearby,캠퍼스 주변,3,22:31,22시대,112,together,붙어 앉기 선호,inquiry_recommended,문의 권장,36.4,1,넓은홀식당,식당형 술집,48,4,44,0.9167,18,4,48,1,together_single,1,false,0,,빈자리는 있으나 피크 시간대 점유와 테이블 결합 여유가 작아 문의가 필요합니다.
req-00432,13,조모임 뒤풀이,front_gate,정문,8,22:56,22시대,110,together,붙어 앉기 선호,inquiry_recommended,문의 권장,27.41,1,강의끝포차,포차,34,2,32,0.9412,8,2,34,1,together_combined,2,true,2,강의끝포차 | 긴테이블집,입장 가능 여부는 매장에 대기/정리 시간을 문의해야 합니다.
req-00427,13,친구 모임,front_gate,정문,7,23:04,23시대,143,together,붙어 앉기 선호,inquiry_recommended,문의 권장,34.72,1,강의끝포차,포차,34,8,26,0.7647,8,8,34,2,together_combined,2,true,1,긴테이블집,빈자리는 있으나 피크 시간대 점유와 테이블 결합 여유가 작아 문의가 필요합니다.
req-00423,13,MT 뒤풀이,back_gate,후문,9,23:09,23시대,159,split_ok,일부 분리 가능,difficult,현재 조건에서는 어려움,0,0,후문마당,고깃집,36,0,36,1,12,0,36,0,none,0,true,3,후문마당 | 둥근테이블 | 골목분식포차,현재 점유 중인 테이블 때문에 요청 인원에 맞는 빈 테이블 조합이 부족합니다.
req-00411,13,조모임 뒤풀이,front_gate,정문,5,23:20,23시대,152,any,같은 매장이면 괜찮음,inquiry_recommended,문의 권장,43.21,2,강의끝포차,포차,34,4,30,0.8824,8,4,34,1,together_single,1,true,2,강의끝포차 | 긴테이블집,입장 가능 여부는 매장에 대기/정리 시간을 문의해야 합니다.
req-00428,13,과 행사 뒤풀이,campus_nearby,캠퍼스 주변,11,23:40,23시대,148,together,붙어 앉기 선호,difficult,현재 조건에서는 어려움,0,0,넓은홀식당,식당형 술집,48,0,48,1,18,0,48,0,none,0,true,1,넓은홀식당,현재 점유 중인 테이블 때문에 요청 인원에 맞는 빈 테이블 조합이 부족합니다.
req-00409,13,동아리 소모임,station,역 앞,5,23:48,23시대,117,together,붙어 앉기 선호,inquiry_recommended,문의 권장,31.9,1,조용한룸,이자카야,30,4,26,0.8667,10,4,30,1,together_combined,2,true,1,조용한룸,입장 가능 여부는 매장에 대기/정리 시간을 문의해야 합니다.
req-00416,13,소규모 술자리,food_street,먹자골목,3,23:51,23시대,123,together,붙어 앉기 선호,together_likely,같이 앉기 가능성 높음,76.38,2,큰마당호프,호프,54,8,46,0.8519,18,8,54,2,together_single,1,true,1,반칸라운지,현재 좌석 점유율이 높습니다.
req-00412,13,과 행사 뒤풀이,front_gate,정문,13,23:55,23시대,133,split_ok,일부 분리 가능,inquiry_recommended,문의 권장,28.3,1,긴테이블집,한식주점,30,4,26,0.8667,10,4,30,1,split,2,true,2,긴테이블집 | 강의끝포차,입장 가능 여부는 매장에 대기/정리 시간을 문의해야 합니다.
req-00420,13,소규모 술자리,front_gate,정문,3,23:56,23시대,106,together,붙어 앉기 선호,together_likely,같이 앉기 가능성 높음,76.62,2,강의끝포차,포차,34,8,26,0.7647,8,6,34,2,together_single,1,false,0,,현재 좌석 점유율이 높습니다.
req-00433,13,과 행사 뒤풀이,station,역 앞,10,23:59,23시대,124,split_ok,일부 분리 가능,split_only,분리 착석 가능,41,2,조용한룸,이자카야,30,10,20,0.6667,10,8,30,3,split,3,true,2,조용한룸 | 작은잔,붙어 앉기는 어렵지만 현재 빈 테이블 3개로 분리 착석은 가능합니다.
req-00407,13,소규모 술자리,back_gate,후문,3,00:09(+1),24시대(0시대),125,split_ok,일부 분리 가능,inquiry_recommended,문의 권장,50.4,3,둥근테이블,술집,30,6,24,0.8,4,4,30,2,together_single,1,true,2,골목분식포차 | 후문마당,빈자리는 있으나 피크 시간대 점유와 테이블 결합 여유가 작아 문의가 필요합니다.
req-00414,13,소규모 술자리,front_gate,정문,2,00:34(+1),24시대(0시대),101,together,붙어 앉기 선호,together_likely,같이 앉기 가능성 높음,87.65,2,강의끝포차,포차,34,16,18,0.5294,8,8,34,5,together_single,1,false,0,,현재 빈 테이블 기준으로 2인 테이블 1개 배정이 가능합니다.
req-00419,13,동아리 소모임,food_street,먹자골목,5,00:59(+1),24시대(0시대),113,together,붙어 앉기 선호,together_likely,같이 앉기 가능성 높음,88.8,2,반칸라운지,라운지,40,24,16,0.4,20,14,40,5,together_single,1,false,0,,현재 빈 테이블 기준으로 6인 긴 테이블 1개 배정이 가능합니다.
req-00415,13,학생회 행사 후 모임,food_street,먹자골목,14,01:07(+1),25시대(1시대),136,split_ok,일부 분리 가능,together_likely,같이 앉기 가능성 높음,81.7,2,반칸라운지,라운지,40,24,16,0.4,20,14,40,5,together_combined,2,true,1,큰마당호프,현재 빈 테이블 기준으로 2개 테이블 결합 배정이 가능합니다.
req-00440,14,친구 모임,station,역 앞,6,18:18,18시대,101,split_ok,일부 분리 가능,together_likely,같이 앉기 가능성 높음,86.5,2,조용한룸,이자카야,30,20,10,0.3333,10,8,30,6,together_combined,2,false,0,,현재 빈 테이블 기준으로 2개 테이블 결합 배정이 가능합니다.
req-00454,14,친구 모임,food_street,먹자골목,2,18:23,18시대,102,split_ok,일부 분리 가능,together_likely,같이 앉기 가능성 높음,94,2,반칸라운지,라운지,40,40,0,0,20,20,40,9,together_single,1,false,0,,현재 빈 테이블 기준으로 2인 테이블 1개 배정이 가능합니다.
req-00459,14,MT 뒤풀이,front_gate,정문,11,18:45,18시대,148,split_ok,일부 분리 가능,split_only,분리 착석 가능,59.6,2,강의끝포차,포차,34,34,0,0,8,8,34,10,split,3,false,0,,붙어 앉기는 어렵지만 현재 빈 테이블 3개로 분리 착석은 가능합니다.
req-00443,14,소규모 술자리,food_street,먹자골목,4,19:03,19시대,88,split_ok,일부 분리 가능,together_likely,같이 앉기 가능성 높음,87.4,2,반칸라운지,라운지,40,18,22,0.55,20,12,40,5,together_single,1,false,0,,현재 빈 테이블 기준으로 4인 테이블 1개 배정이 가능합니다.
req-00465,14,조모임 뒤풀이,front_gate,정문,8,19:17,19시대,153,split_ok,일부 분리 가능,together_likely,같이 앉기 가능성 높음,86.26,2,강의끝포차,포차,34,22,12,0.3529,8,8,34,7,together_combined,2,true,1,긴테이블집,현재 빈 테이블 기준으로 2개 테이블 결합 배정이 가능합니다.
req-00472,14,동아리 전체 모임,front_gate,정문,12,19:17,19시대,128,any,같은 매장이면 괜찮음,split_only,분리 착석 가능,48.04,1,강의끝포차,포차,34,14,20,0.5882,8,8,34,5,split,4,true,1,긴테이블집,붙어 앉기는 어렵지만 현재 빈 테이블 4개로 분리 착석은 가능합니다.
req-00456,14,소규모 술자리,back_gate,후문,3,19:57,19시대,117,any,같은 매장이면 괜찮음,together_likely,같이 앉기 가능성 높음,91.09,3,골목분식포차,분식포차,14,12,2,0.1429,4,4,14,4,together_single,1,false,0,,현재 빈 테이블 기준으로 4인 테이블 1개 배정이 가능합니다.
req-00448,14,조모임 뒤풀이,food_street,먹자골목,6,20:14,20시대,91,any,같은 매장이면 괜찮음,inquiry_recommended,문의 권장,49.01,2,큰마당호프,호프,54,14,40,0.7407,18,12,54,5,together_combined,2,false,0,,빈자리는 있으나 피크 시간대 점유와 테이블 결합 여유가 작아 문의가 필요합니다.
req-00444,14,동아리 소모임,back_gate,후문,6,20:18,20시대,97,together,붙어 앉기 선호,inquiry_recommended,문의 권장,34.73,1,후문마당,고깃집,36,4,32,0.8889,12,4,36,1,together_single,1,true,1,후문마당,입장 가능 여부는 매장에 대기/정리 시간을 문의해야 합니다.
req-00469,14,소규모 술자리,station,역 앞,4,20:28,20시대,84,together,붙어 앉기 선호,together_likely,같이 앉기 가능성 높음,82.47,2,작은잔,바,18,10,8,0.4444,4,4,18,4,together_single,1,false,0,,현재 빈 테이블 기준으로 4인 테이블 1개 배정이 가능합니다.
req-00450,14,MT 뒤풀이,food_street,먹자골목,10,20:40,20시대,124,together,붙어 앉기 선호,inquiry_recommended,문의 권장,38.44,2,큰마당호프,호프,54,20,34,0.6296,18,12,54,6,together_combined,3,true,1,반칸라운지,빈자리는 있으나 피크 시간대 점유와 테이블 결합 여유가 작아 문의가 필요합니다.
req-00445,14,조모임 뒤풀이,back_gate,후문,7,20:50,20시대,110,together,붙어 앉기 선호,together_likely,같이 앉기 가능성 높음,81.77,1,후문마당,고깃집,36,20,16,0.4444,12,12,36,4,together_combined,2,true,2,둥근테이블 | 골목분식포차,현재 빈 테이블 기준으로 2개 테이블 결합 배정이 가능합니다.
req-00451,14,과 행사 뒤풀이,front_gate,정문,9,20:59,20시대,168,together,붙어 앉기 선호,inquiry_recommended,문의 권장,40.2,1,긴테이블집,한식주점,30,14,16,0.5333,10,10,30,2,together_single,1,true,1,강의끝포차,빈자리는 있으나 피크 시간대 점유와 테이블 결합 여유가 작아 문의가 필요합니다.
req-00470,14,MT 뒤풀이,campus_nearby,캠퍼스 주변,9,21:19,21시대,112,together,붙어 앉기 선호,inquiry_recommended,문의 권장,32.6,1,넓은홀식당,식당형 술집,48,14,34,0.7083,18,8,48,4,split,2,true,1,넓은홀식당,붙어 앉기 요청 기준으로는 현재 연속 좌석이 부족합니다.
req-00455,14,조모임 뒤풀이,back_gate,후문,7,21:42,21시대,100,together,붙어 앉기 선호,difficult,현재 조건에서는 어려움,0,0,후문마당,고깃집,36,4,32,0.8889,12,4,36,1,none,0,true,3,후문마당 | 둥근테이블 | 골목분식포차,현재 점유 중인 테이블 때문에 요청 인원에 맞는 빈 테이블 조합이 부족합니다.
req-00471,14,친구 모임,front_gate,정문,3,21:42,21시대,92,split_ok,일부 분리 가능,inquiry_recommended,문의 권장,44.81,1,강의끝포차,포차,34,4,30,0.8824,8,4,34,1,together_single,1,true,1,긴테이블집,빈자리는 있으나 피크 시간대 점유와 테이블 결합 여유가 작아 문의가 필요합니다.
req-00463,14,동아리 소모임,station,역 앞,5,21:48,21시대,141,any,같은 매장이면 괜찮음,split_only,분리 착석 가능,48.4,2,작은잔,바,18,6,12,0.6667,4,2,18,3,split,3,false,0,,붙어 앉기는 어렵지만 현재 빈 테이블 3개로 분리 착석은 가능합니다.
req-00449,14,조모임 뒤풀이,food_street,먹자골목,8,21:49,21시대,118,together,붙어 앉기 선호,inquiry_recommended,문의 권장,39,2,반칸라운지,라운지,40,14,26,0.65,20,8,40,4,together_combined,3,true,1,큰마당호프,빈자리는 있으나 피크 시간대 점유와 테이블 결합 여유가 작아 문의가 필요합니다.
req-00457,14,동아리 소모임,front_gate,정문,7,21:58,21시대,154,any,같은 매장이면 괜찮음,difficult,현재 조건에서는 어려움,0,0,긴테이블집,한식주점,30,0,30,1,10,0,30,0,none,0,true,2,긴테이블집 | 강의끝포차,현재 점유 중인 테이블 때문에 요청 인원에 맞는 빈 테이블 조합이 부족합니다.
req-00466,14,과 행사 뒤풀이,back_gate,후문,10,21:58,21시대,148,together,붙어 앉기 선호,difficult,현재 조건에서는 어려움,0,0,후문마당,고깃집,36,4,32,0.8889,12,4,36,1,none,0,true,2,후문마당 | 둥근테이블,현재 점유 중인 테이블 때문에 요청 인원에 맞는 빈 테이블 조합이 부족합니다.
req-00468,14,동아리 소모임,campus_nearby,캠퍼스 주변,5,22:09,22시대,106,any,같은 매장이면 괜찮음,inquiry_recommended,문의 권장,44.9,1,넓은홀식당,식당형 술집,48,6,42,0.875,18,6,48,1,together_single,1,false,0,,빈자리는 있으나 피크 시간대 점유와 테이블 결합 여유가 작아 문의가 필요합니다.
req-00462,14,소규모 술자리,station,역 앞,3,22:19,22시대,99,together,붙어 앉기 선호,together_likely,같이 앉기 가능성 높음,77.8,2,조용한룸,이자카야,30,8,22,0.7333,10,8,30,2,together_single,1,true,1,작은잔,현재 빈 테이블 기준으로 4인 테이블 1개 배정이 가능합니다.
req-00441,14,조모임 뒤풀이,front_gate,정문,5,22:26,22시대,110,together,붙어 앉기 선호,inquiry_recommended,문의 권장,30.6,1,긴테이블집,한식주점,30,0,30,1,10,0,30,0,together_single,1,true,2,긴테이블집 | 강의끝포차,입장 가능 여부는 매장에 대기/정리 시간을 문의해야 합니다.
req-00452,14,조모임 뒤풀이,food_street,먹자골목,8,22:38,22시대,126,split_ok,일부 분리 가능,split_only,분리 착석 가능,45.52,1,큰마당호프,호프,54,10,44,0.8148,18,6,54,2,split,2,true,2,큰마당호프 | 반칸라운지,현재 좌석 점유율이 높습니다.
req-00458,14,소규모 술자리,station,역 앞,4,22:38,22시대,114,together,붙어 앉기 선호,together_likely,같이 앉기 가능성 높음,84.6,2,조용한룸,이자카야,30,14,16,0.5333,10,10,30,2,together_single,1,false,0,,현재 빈 테이블 기준으로 4인 테이블 1개 배정이 가능합니다.
req-00447,14,동아리 소모임,food_street,먹자골목,8,22:45,22시대,108,together,붙어 앉기 선호,difficult,현재 조건에서는 어려움,0,0,반칸라운지,라운지,40,4,36,0.9,20,4,40,2,none,0,true,2,반칸라운지 | 큰마당호프,현재 점유 중인 테이블 때문에 요청 인원에 맞는 빈 테이블 조합이 부족합니다.
req-00453,14,친구 모임,front_gate,정문,7,22:45,22시대,112,any,같은 매장이면 괜찮음,inquiry_recommended,문의 권장,31.5,1,강의끝포차,포차,34,0,34,1,8,0,34,0,split,2,true,2,강의끝포차 | 긴테이블집,입장 가능 여부는 매장에 대기/정리 시간을 문의해야 합니다.
req-00461,14,소규모 술자리,station,역 앞,3,23:34,23시대,134,any,같은 매장이면 괜찮음,inquiry_recommended,문의 권장,40.2,1,조용한룸,이자카야,30,0,30,1,10,0,30,0,together_single,1,true,2,조용한룸 | 작은잔,입장 가능 여부는 매장에 대기/정리 시간을 문의해야 합니다.
req-00460,14,소규모 술자리,station,역 앞,2,23:45,23시대,107,together,붙어 앉기 선호,inquiry_recommended,문의 권장,32.6,1,조용한룸,이자카야,30,0,30,1,10,0,30,0,together_single,1,true,2,조용한룸 | 작은잔,입장 가능 여부는 매장에 대기/정리 시간을 문의해야 합니다.
req-00464,14,동아리 전체 모임,back_gate,후문,9,23:59,23시대,121,split_ok,일부 분리 가능,split_only,분리 착석 가능,54.2,1,둥근테이블,술집,30,24,6,0.2,4,4,30,7,split,3,true,2,후문마당 | 골목분식포차,붙어 앉기는 어렵지만 현재 빈 테이블 3개로 분리 착석은 가능합니다.
req-00442,14,조모임 뒤풀이,station,역 앞,5,01:04(+1),25시대(1시대),142,split_ok,일부 분리 가능,together_likely,같이 앉기 가능성 높음,83.7,2,조용한룸,이자카야,30,16,14,0.4667,10,8,30,4,together_combined,2,false,0,,현재 빈 테이블 기준으로 2개 테이블 결합 배정이 가능합니다.
req-00467,14,소규모 술자리,station,역 앞,3,01:18(+1),25시대(1시대),96,together,붙어 앉기 선호,together_likely,같이 앉기 가능성 높음,90.93,2,작은잔,바,18,14,4,0.2222,4,4,18,5,together_single,1,false,0,,현재 빈 테이블 기준으로 4인 테이블 1개 배정이 가능합니다.
req-00446,14,조모임 뒤풀이,back_gate,후문,5,01:58(+1),25시대(1시대),100,split_ok,일부 분리 가능,together_likely,같이 앉기 가능성 높음,87.6,3,후문마당,고깃집,36,18,18,0.5,12,12,36,4,together_single,1,true,1,골목분식포차,현재 빈 테이블 기준으로 6인 긴 테이블 1개 배정이 가능합니다.
req-00495,15,친구 모임,front_gate,정문,5,18:12,18시대,144,together,붙어 앉기 선호,together_likely,같이 앉기 가능성 높음,93.6,2,강의끝포차,포차,34,34,0,0,8,8,34,10,together_single,1,false,0,,현재 빈 테이블 기준으로 6인 긴 테이블 1개 배정이 가능합니다.
req-00500,15,조모임 뒤풀이,food_street,먹자골목,6,18:27,18시대,138,any,같은 매장이면 괜찮음,together_likely,같이 앉기 가능성 높음,94,2,큰마당호프,호프,54,54,0,0,18,18,54,14,together_single,1,false,0,,현재 빈 테이블 기준으로 6인 긴 테이블 1개 배정이 가능합니다.
req-00499,15,친구 모임,food_street,먹자골목,4,18:32,18시대,94,split_ok,일부 분리 가능,together_likely,같이 앉기 가능성 높음,92.67,2,큰마당호프,호프,54,48,6,0.1111,18,16,54,13,together_single,1,false,0,,현재 빈 테이블 기준으로 4인 테이블 1개 배정이 가능합니다.
req-00497,15,소규모 술자리,campus_nearby,캠퍼스 주변,2,18:55,18시대,83,together,붙어 앉기 선호,together_likely,같이 앉기 가능성 높음,86,1,넓은홀식당,식당형 술집,48,16,32,0.6667,18,12,48,5,together_single,1,false,0,,현재 빈 테이블 기준으로 2인 테이블 1개 배정이 가능합니다.
req-00473,15,동아리 소모임,food_street,먹자골목,5,18:56,18시대,121,together,붙어 앉기 선호,together_likely,같이 앉기 가능성 높음,89.6,2,큰마당호프,호프,54,36,18,0.3333,18,16,54,10,together_single,1,false,0,,현재 빈 테이블 기준으로 6인 긴 테이블 1개 배정이 가능합니다.
req-00487,15,조모임 뒤풀이,food_street,먹자골목,8,19:18,19시대,128,split_ok,일부 분리 가능,together_likely,같이 앉기 가능성 높음,85.7,2,반칸라운지,라운지,40,24,16,0.4,20,12,40,6,together_combined,2,false,0,,현재 빈 테이블 기준으로 2개 테이블 결합 배정이 가능합니다.
req-00491,15,과 행사 뒤풀이,campus_nearby,캠퍼스 주변,12,19:33,19시대,153,split_ok,일부 분리 가능,difficult,현재 조건에서는 어려움,0,0,넓은홀식당,식당형 술집,48,10,38,0.7917,18,10,48,3,none,0,true,1,넓은홀식당,현재 점유 중인 테이블 때문에 요청 인원에 맞는 빈 테이블 조합이 부족합니다.
req-00484,15,소규모 술자리,station,역 앞,4,19:36,19시대,98,any,같은 매장이면 괜찮음,inquiry_recommended,문의 권장,50,2,조용한룸,이자카야,30,6,24,0.8,10,6,30,2,together_single,1,true,1,작은잔,빈자리는 있으나 피크 시간대 점유와 테이블 결합 여유가 작아 문의가 필요합니다.
req-00485,15,동아리 소모임,food_street,먹자골목,6,19:41,19시대,112,together,붙어 앉기 선호,inquiry_recommended,문의 권장,38.5,1,반칸라운지,라운지,40,8,32,0.8,20,8,40,3,together_combined,2,true,1,큰마당호프,빈자리는 있으나 피크 시간대 점유와 테이블 결합 여유가 작아 문의가 필요합니다.
req-00474,15,과 행사 뒤풀이,back_gate,후문,9,20:35,20시대,145,any,같은 매장이면 괜찮음,inquiry_recommended,문의 권장,46,2,후문마당,고깃집,36,18,18,0.5,12,12,36,4,together_combined,3,true,1,골목분식포차,빈자리는 있으나 피크 시간대 점유와 테이블 결합 여유가 작아 문의가 필요합니다.
req-00505,15,조모임 뒤풀이,back_gate,후문,7,20:36,20시대,95,together,붙어 앉기 선호,together_likely,같이 앉기 가능성 높음,81.1,1,후문마당,고깃집,36,18,18,0.5,12,12,36,4,together_combined,2,false,0,,현재 빈 테이블 기준으로 2개 테이블 결합 배정이 가능합니다.
req-00492,15,친구 모임,front_gate,정문,5,20:52,20시대,125,any,같은 매장이면 괜찮음,inquiry_recommended,문의 권장,46.63,2,강의끝포차,포차,34,10,24,0.7059,8,6,34,4,together_combined,2,false,0,,빈자리는 있으나 피크 시간대 점유와 테이블 결합 여유가 작아 문의가 필요합니다.
req-00476,15,동아리 소모임,station,역 앞,5,21:00,21시대,108,split_ok,일부 분리 가능,together_likely,같이 앉기 가능성 높음,83.4,2,조용한룸,이자카야,30,16,14,0.4667,10,10,30,3,together_single,1,false,0,,현재 빈 테이블 기준으로 룸 테이블 1개 배정이 가능합니다.
req-00496,15,친구 모임,station,역 앞,2,21:16,21시대,104,together,붙어 앉기 선호,together_likely,같이 앉기 가능성 높음,84.07,2,작은잔,바,18,10,8,0.4444,4,4,18,4,together_single,1,false,0,,현재 빈 테이블 기준으로 2인 테이블 1개 배정이 가능합니다.
req-00477,15,동아리 소모임,food_street,먹자골목,5,21:28,21시대,126,together,붙어 앉기 선호,together_likely,같이 앉기 가능성 높음,85.71,2,큰마당호프,호프,54,32,22,0.4074,18,18,54,8,together_single,1,false,0,,현재 빈 테이블 기준으로 6인 긴 테이블 1개 배정이 가능합니다.
req-00503,15,학생회 행사 후 모임,station,역 앞,13,21:59,21시대,179,split_ok,일부 분리 가능,difficult,현재 조건에서는 어려움,0,0,조용한룸,이자카야,30,2,28,0.9333,10,2,30,1,none,0,true,2,조용한룸 | 작은잔,현재 점유 중인 테이블 때문에 요청 인원에 맞는 빈 테이블 조합이 부족합니다.
req-00493,15,동아리 소모임,station,역 앞,7,22:12,22시대,155,any,같은 매장이면 괜찮음,inquiry_recommended,문의 권장,32.4,1,조용한룸,이자카야,30,2,28,0.9333,10,2,30,1,split,3,true,2,조용한룸 | 작은잔,입장 가능 여부는 매장에 대기/정리 시간을 문의해야 합니다.
req-00483,15,친구 모임,station,역 앞,2,22:33,22시대,110,split_ok,일부 분리 가능,together_likely,같이 앉기 가능성 높음,79,2,조용한룸,이자카야,30,8,22,0.7333,10,6,30,3,together_single,1,false,0,,현재 빈 테이블 기준으로 2인 테이블 1개 배정이 가능합니다.
req-00482,15,조모임 뒤풀이,back_gate,후문,8,22:35,22시대,114,split_ok,일부 분리 가능,inquiry_recommended,문의 권장,42.17,2,후문마당,고깃집,36,8,28,0.7778,12,8,36,2,together_combined,2,true,2,골목분식포차 | 둥근테이블,빈자리는 있으나 피크 시간대 점유와 테이블 결합 여유가 작아 문의가 필요합니다.
req-00479,15,조모임 뒤풀이,campus_nearby,캠퍼스 주변,6,22:55,22시대,140,together,붙어 앉기 선호,inquiry_recommended,문의 권장,32.3,1,넓은홀식당,식당형 술집,48,2,46,0.9583,18,2,48,1,together_single,1,true,1,넓은홀식당,입장 가능 여부는 매장에 대기/정리 시간을 문의해야 합니다.
req-00494,15,소규모 술자리,station,역 앞,4,22:56,22시대,88,any,같은 매장이면 괜찮음,inquiry_recommended,문의 권장,42.73,1,작은잔,바,18,2,16,0.8889,4,2,18,1,together_single,1,true,2,작은잔 | 조용한룸,입장 가능 여부는 매장에 대기/정리 시간을 문의해야 합니다.
req-00490,15,친구 모임,front_gate,정문,4,23:04,23시대,90,split_ok,일부 분리 가능,inquiry_recommended,문의 권장,44.6,2,긴테이블집,한식주점,30,4,26,0.8667,10,4,30,1,together_single,1,true,1,강의끝포차,빈자리는 있으나 피크 시간대 점유와 테이블 결합 여유가 작아 문의가 필요합니다.
req-00475,15,소규모 술자리,back_gate,후문,4,23:08,23시대,104,any,같은 매장이면 괜찮음,together_likely,같이 앉기 가능성 높음,81.4,3,후문마당,고깃집,36,12,24,0.6667,12,12,36,3,together_single,1,false,0,,현재 빈 테이블 기준으로 4인 테이블 1개 배정이 가능합니다.
req-00488,15,학생회 행사 후 모임,station,역 앞,12,23:29,23시대,180,any,같은 매장이면 괜찮음,difficult,현재 조건에서는 어려움,0,0,조용한룸,이자카야,30,0,30,1,10,0,30,0,none,0,true,2,조용한룸 | 작은잔,현재 점유 중인 테이블 때문에 요청 인원에 맞는 빈 테이블 조합이 부족합니다.
req-00486,15,소규모 술자리,back_gate,후문,4,23:35,23시대,122,together,붙어 앉기 선호,together_likely,같이 앉기 가능성 높음,86.33,3,후문마당,고깃집,36,22,14,0.3889,12,12,36,5,together_single,1,true,1,둥근테이블,현재 빈 테이블 기준으로 4인 테이블 1개 배정이 가능합니다.
req-00502,15,조모임 뒤풀이,station,역 앞,5,23:37,23시대,140,any,같은 매장이면 괜찮음,inquiry_recommended,문의 권장,34.53,1,작은잔,바,18,2,16,0.8889,4,2,18,1,split,3,true,2,작은잔 | 조용한룸,입장 가능 여부는 매장에 대기/정리 시간을 문의해야 합니다.
req-00481,15,조모임 뒤풀이,food_street,먹자골목,5,23:42,23시대,127,together,붙어 앉기 선호,inquiry_recommended,문의 권장,46.6,2,큰마당호프,호프,54,18,36,0.6667,18,18,54,3,together_single,1,false,0,,빈자리는 있으나 피크 시간대 점유와 테이블 결합 여유가 작아 문의가 필요합니다.
req-00480,15,동아리 전체 모임,campus_nearby,캠퍼스 주변,13,23:43,23시대,128,split_ok,일부 분리 가능,difficult,현재 조건에서는 어려움,0,0,넓은홀식당,식당형 술집,48,0,48,1,18,0,48,0,none,0,true,1,넓은홀식당,현재 점유 중인 테이블 때문에 요청 인원에 맞는 빈 테이블 조합이 부족합니다.
req-00501,15,동아리 전체 모임,back_gate,후문,10,23:48,23시대,115,split_ok,일부 분리 가능,split_only,분리 착석 가능,48.2,1,둥근테이블,술집,30,16,14,0.4667,4,4,30,5,split,3,true,2,후문마당 | 골목분식포차,붙어 앉기는 어렵지만 현재 빈 테이블 3개로 분리 착석은 가능합니다.
req-00504,15,조모임 뒤풀이,back_gate,후문,5,23:58,23시대,148,together,붙어 앉기 선호,inquiry_recommended,문의 권장,37.4,1,후문마당,고깃집,36,6,30,0.8333,12,6,36,1,together_single,1,true,1,골목분식포차,빈자리는 있으나 피크 시간대 점유와 테이블 결합 여유가 작아 문의가 필요합니다.
req-00489,15,MT 뒤풀이,back_gate,후문,11,00:06(+1),24시대(0시대),123,any,같은 매장이면 괜찮음,inquiry_recommended,문의 권장,36.3,1,둥근테이블,술집,30,10,20,0.6667,4,4,30,3,split,4,true,3,둥근테이블 | 후문마당 | 골목분식포차,입장 가능 여부는 매장에 대기/정리 시간을 문의해야 합니다.
req-00498,15,소규모 술자리,food_street,먹자골목,2,00:38(+1),24시대(0시대),106,together,붙어 앉기 선호,together_likely,같이 앉기 가능성 높음,81.2,2,반칸라운지,라운지,40,8,32,0.8,20,8,40,3,together_single,1,false,0,,현재 좌석 점유율이 높습니다.
req-00478,15,과 행사 뒤풀이,front_gate,정문,13,01:00(+1),25시대(1시대),169,together,붙어 앉기 선호,difficult,현재 조건에서는 어려움,0,0,긴테이블집,한식주점,30,20,10,0.3333,10,10,30,3,none,0,true,1,강의끝포차,붙어 앉기 선호 요청이지만 이 매장의 최대 붙여 앉기 가능 인원은 10명입니다.
req-00515,16,동아리 소모임,back_gate,후문,6,18:07,18시대,97,any,같은 매장이면 괜찮음,together_likely,같이 앉기 가능성 높음,94,3,후문마당,고깃집,36,36,0,0,12,12,36,8,together_single,1,false,0,,현재 빈 테이블 기준으로 6인 긴 테이블 1개 배정이 가능합니다.
req-00536,16,조모임 뒤풀이,back_gate,후문,5,18:09,18시대,110,together,붙어 앉기 선호,together_likely,같이 앉기 가능성 높음,91.6,1,후문마당,고깃집,36,30,6,0.1667,12,12,36,7,together_single,1,false,0,,현재 빈 테이블 기준으로 6인 긴 테이블 1개 배정이 가능합니다.
req-00535,16,친구 모임,food_street,먹자골목,6,18:10,18시대,130,split_ok,일부 분리 가능,together_likely,같이 앉기 가능성 높음,94,2,반칸라운지,라운지,40,40,0,0,20,20,40,9,together_single,1,false,0,,현재 빈 테이블 기준으로 6인 긴 테이블 1개 배정이 가능합니다.
req-00537,16,과 행사 뒤풀이,food_street,먹자골목,14,18:10,18시대,119,split_ok,일부 분리 가능,together_likely,같이 앉기 가능성 높음,86.5,2,반칸라운지,라운지,40,40,0,0,20,20,40,9,together_combined,2,false,0,,현재 빈 테이블 기준으로 2개 테이블 결합 배정이 가능합니다.
req-00511,16,조모임 뒤풀이,station,역 앞,6,18:21,18시대,149,together,붙어 앉기 선호,difficult,현재 조건에서는 어려움,0,0,조용한룸,이자카야,30,2,28,0.9333,10,2,30,1,none,0,true,1,조용한룸,현재 점유 중인 테이블 때문에 요청 인원에 맞는 빈 테이블 조합이 부족합니다.
req-00513,16,조모임 뒤풀이,food_street,먹자골목,7,18:25,18시대,154,split_ok,일부 분리 가능,together_likely,같이 앉기 가능성 높음,90.1,2,큰마당호프,호프,54,54,0,0,18,18,54,14,together_combined,2,false,0,,현재 빈 테이블 기준으로 2개 테이블 결합 배정이 가능합니다.
req-00517,16,친구 모임,food_street,먹자골목,4,19:00,19시대,107,split_ok,일부 분리 가능,together_likely,같이 앉기 가능성 높음,89.11,1,큰마당호프,호프,54,32,22,0.4074,18,14,54,9,together_single,1,true,1,반칸라운지,현재 빈 테이블 기준으로 4인 테이블 1개 배정이 가능합니다.
req-00512,16,소규모 술자리,food_street,먹자골목,4,20:08,20시대,133,any,같은 매장이면 괜찮음,inquiry_recommended,문의 권장,39,1,반칸라운지,라운지,40,0,40,1,20,0,40,0,together_single,1,true,2,반칸라운지 | 큰마당호프,입장 가능 여부는 매장에 대기/정리 시간을 문의해야 합니다.
req-00523,16,조모임 뒤풀이,station,역 앞,6,20:18,20시대,114,split_ok,일부 분리 가능,split_only,분리 착석 가능,46.5,2,작은잔,바,18,6,12,0.6667,4,4,18,2,split,2,false,0,,붙어 앉기는 어렵지만 현재 빈 테이블 2개로 분리 착석은 가능합니다.
req-00527,16,조모임 뒤풀이,front_gate,정문,7,20:33,20시대,117,split_ok,일부 분리 가능,inquiry_recommended,문의 권장,37.1,1,긴테이블집,한식주점,30,6,24,0.8,10,6,30,1,split,2,true,2,긴테이블집 | 강의끝포차,입장 가능 여부는 매장에 대기/정리 시간을 문의해야 합니다.
req-00518,16,친구 모임,campus_nearby,캠퍼스 주변,4,20:38,20시대,88,together,붙어 앉기 선호,together_likely,같이 앉기 가능성 높음,77.5,1,넓은홀식당,식당형 술집,48,10,38,0.7917,18,6,48,3,together_single,1,false,0,,현재 좌석 점유율이 높습니다.
req-00534,16,과 행사 뒤풀이,back_gate,후문,13,20:53,20시대,141,split_ok,일부 분리 가능,split_only,분리 착석 가능,41.5,1,둥근테이블,술집,30,14,16,0.5333,4,4,30,4,split,4,true,2,후문마당 | 골목분식포차,붙어 앉기는 어렵지만 현재 빈 테이블 4개로 분리 착석은 가능합니다.
req-00516,16,소규모 술자리,food_street,먹자골목,4,21:11,21시대,88,any,같은 매장이면 괜찮음,together_likely,같이 앉기 가능성 높음,85.22,2,큰마당호프,호프,54,28,26,0.4815,18,16,54,6,together_single,1,false,0,,현재 빈 테이블 기준으로 4인 테이블 1개 배정이 가능합니다.
req-00508,16,소규모 술자리,back_gate,후문,2,21:21,21시대,108,any,같은 매장이면 괜찮음,together_likely,같이 앉기 가능성 높음,84.6,3,둥근테이블,술집,30,14,16,0.5333,4,4,30,4,together_single,1,false,0,,현재 빈 테이블 기준으로 2인 테이블 1개 배정이 가능합니다.
req-00529,16,친구 모임,front_gate,정문,3,21:22,21시대,96,together,붙어 앉기 선호,together_likely,같이 앉기 가능성 높음,77.8,2,긴테이블집,한식주점,30,10,20,0.6667,10,10,30,1,together_single,1,false,0,,현재 빈 테이블 기준으로 10인 긴 테이블 1개 배정이 가능합니다.
req-00520,16,소규모 술자리,front_gate,정문,4,21:48,21시대,132,split_ok,일부 분리 가능,together_likely,같이 앉기 가능성 높음,85.35,1,강의끝포차,포차,34,18,16,0.4706,8,8,34,6,together_single,1,true,1,긴테이블집,현재 빈 테이블 기준으로 4인 테이블 1개 배정이 가능합니다.
req-00522,16,친구 모임,station,역 앞,5,21:59,21시대,134,any,같은 매장이면 괜찮음,split_only,분리 착석 가능,49.9,1,작은잔,바,18,6,12,0.6667,4,4,18,2,split,2,true,1,조용한룸,붙어 앉기는 어렵지만 현재 빈 테이블 2개로 분리 착석은 가능합니다.
req-00524,16,동아리 소모임,food_street,먹자골목,8,22:18,22시대,142,split_ok,일부 분리 가능,together_likely,같이 앉기 가능성 높음,87.4,2,반칸라운지,라운지,40,28,12,0.3,20,14,40,6,together_single,1,true,1,큰마당호프,현재 빈 테이블 기준으로 8인 긴 테이블 1개 배정이 가능합니다.
req-00530,16,조모임 뒤풀이,station,역 앞,7,22:25,22시대,133,any,같은 매장이면 괜찮음,inquiry_recommended,문의 권장,41,1,조용한룸,이자카야,30,4,26,0.8667,10,4,30,1,together_single,1,true,2,조용한룸 | 작은잔,입장 가능 여부는 매장에 대기/정리 시간을 문의해야 합니다.
req-00532,16,조모임 뒤풀이,campus_nearby,캠퍼스 주변,5,22:32,22시대,150,split_ok,일부 분리 가능,inquiry_recommended,문의 권장,55.6,1,넓은홀식당,식당형 술집,48,20,28,0.5833,18,12,48,4,together_single,1,false,0,,빈자리는 있으나 피크 시간대 점유와 테이블 결합 여유가 작아 문의가 필요합니다.
req-00531,16,조모임 뒤풀이,back_gate,후문,5,22:42,22시대,121,together,붙어 앉기 선호,inquiry_recommended,문의 권장,37.4,1,후문마당,고깃집,36,6,30,0.8333,12,6,36,1,together_single,1,true,1,둥근테이블,빈자리는 있으나 피크 시간대 점유와 테이블 결합 여유가 작아 문의가 필요합니다.
req-00538,16,과 행사 뒤풀이,food_street,먹자골목,10,23:03,23시대,112,split_ok,일부 분리 가능,inquiry_recommended,문의 권장,40.31,2,큰마당호프,호프,54,14,40,0.7407,18,12,54,5,together_combined,3,false,0,,빈자리는 있으나 피크 시간대 점유와 테이블 결합 여유가 작아 문의가 필요합니다.
req-00525,16,과 행사 뒤풀이,food_street,먹자골목,13,23:10,23시대,138,together,붙어 앉기 선호,inquiry_recommended,문의 권장,24.51,1,큰마당호프,호프,54,14,40,0.7407,18,12,54,5,split,5,true,2,큰마당호프 | 반칸라운지,붙어 앉기 요청 기준으로는 현재 연속 좌석이 부족합니다.
req-00506,16,조모임 뒤풀이,station,역 앞,6,23:11,23시대,118,together,붙어 앉기 선호,inquiry_recommended,문의 권장,43,1,조용한룸,이자카야,30,12,18,0.6,10,10,30,2,together_single,1,true,1,작은잔,빈자리는 있으나 피크 시간대 점유와 테이블 결합 여유가 작아 문의가 필요합니다.
req-00507,16,동아리 소모임,back_gate,후문,5,23:12,23시대,91,split_ok,일부 분리 가능,split_only,분리 착석 가능,46.54,3,골목분식포차,분식포차,14,6,8,0.5714,4,2,14,3,split,3,true,1,둥근테이블,붙어 앉기는 어렵지만 현재 빈 테이블 3개로 분리 착석은 가능합니다.
req-00519,16,소규모 술자리,food_street,먹자골목,4,23:30,23시대,113,split_ok,일부 분리 가능,together_likely,같이 앉기 가능성 높음,76.6,2,반칸라운지,라운지,40,8,32,0.8,20,8,40,3,together_single,1,false,0,,현재 좌석 점유율이 높습니다.
req-00526,16,MT 뒤풀이,back_gate,후문,11,23:37,23시대,168,together,붙어 앉기 선호,inquiry_recommended,문의 권장,25.33,1,후문마당,고깃집,36,10,26,0.7222,12,6,36,2,split,3,true,2,후문마당 | 골목분식포차,입장 가능 여부는 매장에 대기/정리 시간을 문의해야 합니다.
req-00533,16,친구 모임,back_gate,후문,4,23:39,23시대,113,together,붙어 앉기 선호,together_likely,같이 앉기 가능성 높음,84.6,2,둥근테이블,술집,30,14,16,0.5333,4,4,30,5,together_single,1,true,1,골목분식포차,현재 빈 테이블 기준으로 4인 테이블 1개 배정이 가능합니다.
req-00528,16,학생회 행사 후 모임,campus_nearby,캠퍼스 주변,10,23:49,23시대,149,split_ok,일부 분리 가능,inquiry_recommended,문의 권장,44.9,1,넓은홀식당,식당형 술집,48,18,30,0.625,18,10,48,5,together_combined,3,false,0,,빈자리는 있으나 피크 시간대 점유와 테이블 결합 여유가 작아 문의가 필요합니다.
req-00514,16,학생회 행사 후 모임,food_street,먹자골목,10,00:19(+1),24시대(0시대),129,split_ok,일부 분리 가능,split_only,분리 착석 가능,48.9,1,반칸라운지,라운지,40,14,26,0.65,20,8,40,4,split,2,true,2,반칸라운지 | 큰마당호프,붙어 앉기는 어렵지만 현재 빈 테이블 2개로 분리 착석은 가능합니다.
req-00521,16,친구 모임,campus_nearby,캠퍼스 주변,7,00:54(+1),24시대(0시대),100,any,같은 매장이면 괜찮음,together_likely,같이 앉기 가능성 높음,84.1,1,넓은홀식당,식당형 술집,48,24,24,0.5,18,12,48,6,together_combined,2,false,0,,현재 빈 테이블 기준으로 2개 테이블 결합 배정이 가능합니다.
req-00509,16,조모임 뒤풀이,front_gate,정문,7,01:16(+1),25시대(1시대),140,together,붙어 앉기 선호,together_likely,같이 앉기 가능성 높음,88.69,2,강의끝포차,포차,34,30,4,0.1176,8,8,34,9,together_combined,2,true,1,긴테이블집,현재 빈 테이블 기준으로 2개 테이블 결합 배정이 가능합니다.
req-00510,16,친구 모임,back_gate,후문,2,01:53(+1),25시대(1시대),95,split_ok,일부 분리 가능,together_likely,같이 앉기 가능성 높음,91.6,3,둥근테이블,술집,30,24,6,0.2,4,4,30,7,together_single,1,false,0,,현재 빈 테이블 기준으로 2인 테이블 1개 배정이 가능합니다.
req-00553,17,친구 모임,food_street,먹자골목,7,18:01,18시대,101,split_ok,일부 분리 가능,together_likely,같이 앉기 가능성 높음,93.6,2,반칸라운지,라운지,40,40,0,0,20,20,40,9,together_single,1,false,0,,현재 빈 테이블 기준으로 8인 긴 테이블 1개 배정이 가능합니다.
req-00549,17,동아리 소모임,front_gate,정문,5,18:13,18시대,133,any,같은 매장이면 괜찮음,together_likely,같이 앉기 가능성 높음,93.6,2,강의끝포차,포차,34,34,0,0,8,8,34,10,together_single,1,false,0,,현재 빈 테이블 기준으로 6인 긴 테이블 1개 배정이 가능합니다.
req-00545,17,MT 뒤풀이,front_gate,정문,11,18:21,18시대,133,split_ok,일부 분리 가능,split_only,분리 착석 가능,57.9,2,긴테이블집,한식주점,30,24,6,0.2,10,10,30,4,split,2,false,0,,붙어 앉기는 어렵지만 현재 빈 테이블 2개로 분리 착석은 가능합니다.
req-00567,17,동아리 소모임,back_gate,후문,7,18:37,18시대,119,split_ok,일부 분리 가능,together_likely,같이 앉기 가능성 높음,78.1,3,후문마당,고깃집,36,12,24,0.6667,12,12,36,3,together_combined,2,false,0,,현재 빈 테이블 기준으로 2개 테이블 결합 배정이 가능합니다.
req-00551,17,MT 뒤풀이,campus_nearby,캠퍼스 주변,12,19:46,19시대,174,any,같은 매장이면 괜찮음,inquiry_recommended,문의 권장,51,1,넓은홀식당,식당형 술집,48,24,24,0.5,18,12,48,6,together_combined,3,false,0,,빈자리는 있으나 피크 시간대 점유와 테이블 결합 여유가 작아 문의가 필요합니다.
req-00552,17,동아리 소모임,campus_nearby,캠퍼스 주변,7,19:53,19시대,145,together,붙어 앉기 선호,inquiry_recommended,문의 권장,39.1,1,넓은홀식당,식당형 술집,48,12,36,0.75,18,6,48,3,split,2,true,1,넓은홀식당,붙어 앉기 요청 기준으로는 현재 연속 좌석이 부족합니다.
req-00563,17,조모임 뒤풀이,front_gate,정문,8,19:55,19시대,106,together,붙어 앉기 선호,difficult,현재 조건에서는 어려움,0,0,긴테이블집,한식주점,30,0,30,1,10,0,30,0,none,0,true,2,긴테이블집 | 강의끝포차,현재 점유 중인 테이블 때문에 요청 인원에 맞는 빈 테이블 조합이 부족합니다.
req-00540,17,소규모 술자리,campus_nearby,캠퍼스 주변,3,20:01,20시대,134,any,같은 매장이면 괜찮음,together_likely,같이 앉기 가능성 높음,80.8,1,넓은홀식당,식당형 술집,48,12,36,0.75,18,6,48,3,together_single,1,false,0,,현재 좌석 점유율이 높습니다.
req-00558,17,소규모 술자리,food_street,먹자골목,2,20:26,20시대,97,split_ok,일부 분리 가능,together_likely,같이 앉기 가능성 높음,82.6,2,반칸라운지,라운지,40,12,28,0.7,20,10,40,4,together_single,1,false,0,,현재 빈 테이블 기준으로 2인 테이블 1개 배정이 가능합니다.
req-00556,17,친구 모임,station,역 앞,4,20:33,20시대,110,any,같은 매장이면 괜찮음,inquiry_recommended,문의 권장,47,1,조용한룸,이자카야,30,6,24,0.8,10,6,30,2,together_single,1,true,1,작은잔,빈자리는 있으나 피크 시간대 점유와 테이블 결합 여유가 작아 문의가 필요합니다.
req-00566,17,친구 모임,food_street,먹자골목,4,20:38,20시대,89,together,붙어 앉기 선호,together_likely,같이 앉기 가능성 높음,83.8,2,반칸라운지,라운지,40,16,24,0.6,20,10,40,4,together_single,1,false,0,,현재 빈 테이블 기준으로 4인 테이블 1개 배정이 가능합니다.
req-00564,17,친구 모임,back_gate,후문,4,20:46,20시대,110,split_ok,일부 분리 가능,together_likely,같이 앉기 가능성 높음,84.33,1,후문마당,고깃집,36,16,20,0.5556,12,12,36,4,together_single,1,true,2,둥근테이블 | 골목분식포차,현재 빈 테이블 기준으로 4인 테이블 1개 배정이 가능합니다.
req-00539,17,소규모 술자리,back_gate,후문,3,20:50,20시대,106,any,같은 매장이면 괜찮음,inquiry_recommended,문의 권장,39.4,1,후문마당,고깃집,36,0,36,1,12,0,36,0,together_single,1,true,3,후문마당 | 둥근테이블 | 골목분식포차,입장 가능 여부는 매장에 대기/정리 시간을 문의해야 합니다.
req-00543,17,친구 모임,food_street,먹자골목,5,20:59,20시대,127,split_ok,일부 분리 가능,inquiry_recommended,문의 권장,51.8,2,반칸라운지,라운지,40,12,28,0.7,20,6,40,3,together_single,1,false,0,,빈자리는 있으나 피크 시간대 점유와 테이블 결합 여유가 작아 문의가 필요합니다.
req-00548,17,동아리 소모임,back_gate,후문,5,20:59,20시대,141,together,붙어 앉기 선호,inquiry_recommended,문의 권장,44.2,1,후문마당,고깃집,36,12,24,0.6667,12,12,36,2,together_single,1,true,2,둥근테이블 | 골목분식포차,빈자리는 있으나 피크 시간대 점유와 테이블 결합 여유가 작아 문의가 필요합니다.
req-00559,17,소규모 술자리,front_gate,정문,3,21:29,21시대,89,split_ok,일부 분리 가능,together_likely,같이 앉기 가능성 높음,84.95,2,강의끝포차,포차,34,18,16,0.4706,8,8,34,6,together_single,1,false,0,,현재 빈 테이블 기준으로 4인 테이블 1개 배정이 가능합니다.
req-00571,17,동아리 소모임,back_gate,후문,8,21:34,21시대,110,any,같은 매장이면 괜찮음,split_only,분리 착석 가능,51.1,1,둥근테이블,술집,30,10,20,0.6667,4,4,30,3,split,2,true,2,후문마당 | 골목분식포차,붙어 앉기는 어렵지만 현재 빈 테이블 2개로 분리 착석은 가능합니다.
req-00555,17,과 행사 뒤풀이,back_gate,후문,9,21:44,21시대,160,split_ok,일부 분리 가능,split_only,분리 착석 가능,41.4,1,둥근테이블,술집,30,10,20,0.6667,4,4,30,3,split,3,true,2,후문마당 | 골목분식포차,붙어 앉기는 어렵지만 현재 빈 테이블 3개로 분리 착석은 가능합니다.
req-00565,17,동아리 소모임,back_gate,후문,6,22:00,22시대,102,any,같은 매장이면 괜찮음,split_only,분리 착석 가능,50.64,2,골목분식포차,분식포차,14,6,8,0.5714,4,4,14,2,split,2,true,2,둥근테이블 | 후문마당,붙어 앉기는 어렵지만 현재 빈 테이블 2개로 분리 착석은 가능합니다.
req-00546,17,조모임 뒤풀이,food_street,먹자골목,7,22:02,22시대,128,together,붙어 앉기 선호,inquiry_recommended,문의 권장,35.77,2,큰마당호프,호프,54,12,42,0.7778,18,6,54,3,split,2,true,2,큰마당호프 | 반칸라운지,붙어 앉기 요청 기준으로는 현재 연속 좌석이 부족합니다.
req-00547,17,동아리 소모임,front_gate,정문,6,22:03,22시대,145,together,붙어 앉기 선호,together_likely,같이 앉기 가능성 높음,81.4,1,긴테이블집,한식주점,30,14,16,0.5333,10,10,30,2,together_single,1,true,1,강의끝포차,현재 빈 테이블 기준으로 10인 긴 테이블 1개 배정이 가능합니다.
req-00568,17,친구 모임,back_gate,후문,7,22:06,22시대,104,split_ok,일부 분리 가능,inquiry_recommended,문의 권장,31.5,1,둥근테이블,술집,30,0,30,1,4,0,30,0,split,2,true,3,둥근테이블 | 후문마당 | 골목분식포차,입장 가능 여부는 매장에 대기/정리 시간을 문의해야 합니다.
req-00561,17,소규모 술자리,front_gate,정문,4,22:08,22시대,91,together,붙어 앉기 선호,difficult,현재 조건에서는 어려움,0,0,긴테이블집,한식주점,30,0,30,1,10,0,30,0,none,0,true,2,긴테이블집 | 강의끝포차,현재 점유 중인 테이블 때문에 요청 인원에 맞는 빈 테이블 조합이 부족합니다.
req-00544,17,학생회 행사 후 모임,food_street,먹자골목,13,22:19,22시대,175,split_ok,일부 분리 가능,split_only,분리 착석 가능,44.6,2,큰마당호프,호프,54,18,36,0.6667,18,12,54,5,split,3,true,2,큰마당호프 | 반칸라운지,붙어 앉기는 어렵지만 현재 빈 테이블 3개로 분리 착석은 가능합니다.
req-00562,17,소규모 술자리,campus_nearby,캠퍼스 주변,3,22:26,22시대,88,any,같은 매장이면 괜찮음,together_likely,같이 앉기 가능성 높음,85.1,1,넓은홀식당,식당형 술집,48,26,22,0.4583,18,18,48,6,together_single,1,false,0,,현재 빈 테이블 기준으로 4인 테이블 1개 배정이 가능합니다.
req-00542,17,학생회 행사 후 모임,back_gate,후문,11,22:41,22시대,140,split_ok,일부 분리 가능,inquiry_recommended,문의 권장,33.87,1,후문마당,고깃집,36,8,28,0.7778,12,8,36,2,together_combined,3,true,3,후문마당 | 둥근테이블 | 골목분식포차,입장 가능 여부는 매장에 대기/정리 시간을 문의해야 합니다.
req-00557,17,동아리 소모임,food_street,먹자골목,6,23:00,23시대,99,together,붙어 앉기 선호,inquiry_recommended,문의 권장,47,2,큰마당호프,호프,54,18,36,0.6667,18,12,54,5,together_single,1,false,0,,빈자리는 있으나 피크 시간대 점유와 테이블 결합 여유가 작아 문의가 필요합니다.
req-00560,17,친구 모임,back_gate,후문,4,23:00,23시대,83,split_ok,일부 분리 가능,together_likely,같이 앉기 가능성 높음,81.4,3,후문마당,고깃집,36,12,24,0.6667,12,12,36,3,together_single,1,false,0,,현재 빈 테이블 기준으로 4인 테이블 1개 배정이 가능합니다.
req-00541,17,소규모 술자리,station,역 앞,3,23:47,23시대,91,any,같은 매장이면 괜찮음,together_likely,같이 앉기 가능성 높음,87.93,2,작은잔,바,18,14,4,0.2222,4,4,18,5,together_single,1,false,0,,현재 빈 테이블 기준으로 4인 테이블 1개 배정이 가능합니다.
req-00550,17,조모임 뒤풀이,campus_nearby,캠퍼스 주변,6,00:35(+1),24시대(0시대),104,any,같은 매장이면 괜찮음,together_likely,같이 앉기 가능성 높음,88.5,1,넓은홀식당,식당형 술집,48,26,22,0.4583,18,18,48,6,together_single,1,false,0,,현재 빈 테이블 기준으로 6인 긴 테이블 1개 배정이 가능합니다.
req-00554,17,동아리 소모임,back_gate,후문,8,00:42(+1),24시대(0시대),97,split_ok,일부 분리 가능,inquiry_recommended,문의 권장,41.3,1,둥근테이블,술집,30,6,24,0.8,4,4,30,2,split,2,true,3,둥근테이블 | 후문마당 | 골목분식포차,입장 가능 여부는 매장에 대기/정리 시간을 문의해야 합니다.
req-00570,17,조모임 뒤풀이,back_gate,후문,6,01:11(+1),25시대(1시대),128,together,붙어 앉기 선호,inquiry_recommended,문의 권장,40,1,후문마당,고깃집,36,6,30,0.8333,12,6,36,1,together_single,1,false,0,,빈자리는 있으나 피크 시간대 점유와 테이블 결합 여유가 작아 문의가 필요합니다.
req-00569,17,조모임 뒤풀이,station,역 앞,8,01:38(+1),25시대(1시대),133,any,같은 매장이면 괜찮음,together_likely,같이 앉기 가능성 높음,90.8,2,조용한룸,이자카야,30,24,6,0.2,10,10,30,5,together_single,1,false,0,,현재 빈 테이블 기준으로 룸 테이블 1개 배정이 가능합니다.
req-00596,18,동아리 전체 모임,front_gate,정문,12,18:07,18시대,143,together,붙어 앉기 선호,difficult,현재 조건에서는 어려움,4,0,강의끝포차,포차,34,34,0,0,8,8,34,10,none,0,false,0,,붙어 앉기 선호 요청이지만 이 매장의 최대 붙여 앉기 가능 인원은 8명입니다.
req-00586,18,동아리 소모임,food_street,먹자골목,6,18:12,18시대,92,together,붙어 앉기 선호,together_likely,같이 앉기 가능성 높음,92.22,2,큰마당호프,호프,54,46,8,0.1481,18,16,54,12,together_single,1,false,0,,현재 빈 테이블 기준으로 6인 긴 테이블 1개 배정이 가능합니다.
req-00573,18,동아리 소모임,campus_nearby,캠퍼스 주변,8,18:37,18시대,116,together,붙어 앉기 선호,together_likely,같이 앉기 가능성 높음,88.5,1,넓은홀식당,식당형 술집,48,40,8,0.1667,18,18,48,9,together_combined,2,false,0,,현재 빈 테이블 기준으로 2개 테이블 결합 배정이 가능합니다.
req-00587,18,동아리 소모임,station,역 앞,6,18:52,18시대,126,split_ok,일부 분리 가능,split_only,분리 착석 가능,55.37,1,작은잔,바,18,10,8,0.4444,4,4,18,4,split,2,true,1,조용한룸,붙어 앉기는 어렵지만 현재 빈 테이블 2개로 분리 착석은 가능합니다.
req-00577,18,학생회 행사 후 모임,station,역 앞,10,19:02,19시대,141,together,붙어 앉기 선호,difficult,현재 조건에서는 어려움,0,0,조용한룸,이자카야,30,2,28,0.9333,10,2,30,1,none,0,true,2,조용한룸 | 작은잔,현재 점유 중인 테이블 때문에 요청 인원에 맞는 빈 테이블 조합이 부족합니다.
req-00588,18,과 행사 뒤풀이,station,역 앞,10,19:46,19시대,119,any,같은 매장이면 괜찮음,difficult,현재 조건에서는 어려움,0,0,조용한룸,이자카야,30,0,30,1,10,0,30,0,none,0,true,2,조용한룸 | 작은잔,현재 점유 중인 테이블 때문에 요청 인원에 맞는 빈 테이블 조합이 부족합니다.
req-00579,18,친구 모임,front_gate,정문,7,19:54,19시대,136,split_ok,일부 분리 가능,difficult,현재 조건에서는 어려움,0,0,긴테이블집,한식주점,30,0,30,1,10,0,30,0,none,0,true,2,긴테이블집 | 강의끝포차,현재 점유 중인 테이블 때문에 요청 인원에 맞는 빈 테이블 조합이 부족합니다.
req-00576,18,친구 모임,back_gate,후문,2,19:58,19시대,101,split_ok,일부 분리 가능,together_likely,같이 앉기 가능성 높음,85.66,3,골목분식포차,분식포차,14,8,6,0.4286,4,4,14,3,together_single,1,false,0,,현재 빈 테이블 기준으로 2인 테이블 1개 배정이 가능합니다.
req-00584,18,친구 모임,food_street,먹자골목,4,19:59,19시대,109,split_ok,일부 분리 가능,inquiry_recommended,문의 권장,49.4,2,반칸라운지,라운지,40,6,34,0.85,20,6,40,2,together_single,1,true,1,큰마당호프,빈자리는 있으나 피크 시간대 점유와 테이블 결합 여유가 작아 문의가 필요합니다.
req-00589,18,과 행사 뒤풀이,campus_nearby,캠퍼스 주변,11,20:00,20시대,132,split_ok,일부 분리 가능,difficult,현재 조건에서는 어려움,0,0,넓은홀식당,식당형 술집,48,4,44,0.9167,18,4,48,1,none,0,true,1,넓은홀식당,현재 점유 중인 테이블 때문에 요청 인원에 맞는 빈 테이블 조합이 부족합니다.
req-00597,18,학생회 행사 후 모임,food_street,먹자골목,9,20:09,20시대,130,split_ok,일부 분리 가능,inquiry_recommended,문의 권장,34.58,2,큰마당호프,호프,54,8,46,0.8519,18,6,54,2,together_combined,3,true,2,큰마당호프 | 반칸라운지,입장 가능 여부는 매장에 대기/정리 시간을 문의해야 합니다.
req-00572,18,과 행사 뒤풀이,front_gate,정문,9,20:33,20시대,142,split_ok,일부 분리 가능,inquiry_recommended,문의 권장,26.7,1,강의끝포차,포차,34,0,34,1,8,0,34,0,split,2,true,2,강의끝포차 | 긴테이블집,입장 가능 여부는 매장에 대기/정리 시간을 문의해야 합니다.
req-00590,18,조모임 뒤풀이,station,역 앞,7,21:06,21시대,130,split_ok,일부 분리 가능,together_likely,같이 앉기 가능성 높음,89,2,조용한룸,이자카야,30,28,2,0.0667,10,10,30,6,together_single,1,false,0,,현재 빈 테이블 기준으로 룸 테이블 1개 배정이 가능합니다.
req-00595,18,소규모 술자리,front_gate,정문,2,21:06,21시대,99,together,붙어 앉기 선호,together_likely,같이 앉기 가능성 높음,83.8,2,긴테이블집,한식주점,30,14,16,0.5333,10,10,30,2,together_single,1,false,0,,현재 빈 테이블 기준으로 4인 테이블 1개 배정이 가능합니다.
req-00601,18,친구 모임,back_gate,후문,4,21:13,21시대,96,split_ok,일부 분리 가능,together_likely,같이 앉기 가능성 높음,89.4,2,둥근테이블,술집,30,26,4,0.1333,4,4,30,8,together_single,1,true,1,골목분식포차,현재 빈 테이블 기준으로 4인 테이블 1개 배정이 가능합니다.
req-00591,18,과 행사 뒤풀이,front_gate,정문,9,21:27,21시대,110,split_ok,일부 분리 가능,inquiry_recommended,문의 권장,43.4,2,긴테이블집,한식주점,30,10,20,0.6667,10,10,30,1,together_single,1,false,0,,빈자리는 있으나 피크 시간대 점유와 테이블 결합 여유가 작아 문의가 필요합니다.
req-00574,18,동아리 소모임,front_gate,정문,6,21:28,21시대,114,split_ok,일부 분리 가능,inquiry_recommended,문의 권장,52.04,2,강의끝포차,포차,34,12,22,0.6471,8,6,34,3,together_single,1,true,1,긴테이블집,빈자리는 있으나 피크 시간대 점유와 테이블 결합 여유가 작아 문의가 필요합니다.
req-00602,18,소규모 술자리,food_street,먹자골목,4,21:29,21시대,98,together,붙어 앉기 선호,together_likely,같이 앉기 가능성 높음,84.4,2,반칸라운지,라운지,40,18,22,0.55,20,14,40,3,together_single,1,false,0,,현재 빈 테이블 기준으로 4인 테이블 1개 배정이 가능합니다.
req-00585,18,소규모 술자리,back_gate,후문,2,21:32,21시대,135,together,붙어 앉기 선호,together_likely,같이 앉기 가능성 높음,87.8,3,둥근테이블,술집,30,22,8,0.2667,4,4,30,7,together_single,1,false,0,,현재 빈 테이블 기준으로 2인 테이블 1개 배정이 가능합니다.
req-00599,18,소규모 술자리,campus_nearby,캠퍼스 주변,4,22:03,22시대,108,together,붙어 앉기 선호,together_likely,같이 앉기 가능성 높음,84.2,1,넓은홀식당,식당형 술집,48,24,24,0.5,18,18,48,4,together_single,1,false,0,,현재 빈 테이블 기준으로 6인 긴 테이블 1개 배정이 가능합니다.
req-00575,18,동아리 전체 모임,station,역 앞,10,22:12,22시대,173,split_ok,일부 분리 가능,difficult,현재 조건에서는 어려움,0,0,조용한룸,이자카야,30,4,26,0.8667,10,4,30,1,none,0,true,2,조용한룸 | 작은잔,현재 점유 중인 테이블 때문에 요청 인원에 맞는 빈 테이블 조합이 부족합니다.
req-00600,18,조모임 뒤풀이,front_gate,정문,8,22:45,22시대,90,any,같은 매장이면 괜찮음,split_only,분리 착석 가능,50.3,2,긴테이블집,한식주점,30,10,20,0.6667,10,6,30,2,split,2,false,0,,붙어 앉기는 어렵지만 현재 빈 테이블 2개로 분리 착석은 가능합니다.
req-00593,18,동아리 소모임,front_gate,정문,5,22:58,22시대,119,split_ok,일부 분리 가능,inquiry_recommended,문의 권장,39.71,2,강의끝포차,포차,34,4,30,0.8824,8,4,34,2,together_combined,2,true,2,강의끝포차 | 긴테이블집,입장 가능 여부는 매장에 대기/정리 시간을 문의해야 합니다.
req-00578,18,친구 모임,front_gate,정문,5,23:04,23시대,99,together,붙어 앉기 선호,inquiry_recommended,문의 권장,31.71,2,강의끝포차,포차,34,4,30,0.8824,8,4,34,2,together_combined,2,true,2,강의끝포차 | 긴테이블집,입장 가능 여부는 매장에 대기/정리 시간을 문의해야 합니다.
req-00583,18,소규모 술자리,back_gate,후문,3,23:10,23시대,122,together,붙어 앉기 선호,together_likely,같이 앉기 가능성 높음,90.6,3,골목분식포차,분식포차,14,14,0,0,4,4,14,5,together_single,1,true,1,후문마당,현재 빈 테이블 기준으로 4인 테이블 1개 배정이 가능합니다.
req-00592,18,조모임 뒤풀이,campus_nearby,캠퍼스 주변,6,23:15,23시대,133,any,같은 매장이면 괜찮음,together_likely,같이 앉기 가능성 높음,84.5,1,넓은홀식당,식당형 술집,48,22,26,0.5417,18,18,48,4,together_single,1,false,0,,현재 빈 테이블 기준으로 6인 긴 테이블 1개 배정이 가능합니다.
req-00603,18,조모임 뒤풀이,campus_nearby,캠퍼스 주변,5,23:28,23시대,149,together,붙어 앉기 선호,inquiry_recommended,문의 권장,46.6,1,넓은홀식당,식당형 술집,48,16,32,0.6667,18,12,48,3,together_single,1,false,0,,빈자리는 있으나 피크 시간대 점유와 테이블 결합 여유가 작아 문의가 필요합니다.
req-00580,18,학생회 행사 후 모임,station,역 앞,13,23:39,23시대,111,together,붙어 앉기 선호,difficult,현재 조건에서는 어려움,0,0,조용한룸,이자카야,30,26,4,0.1333,10,10,30,6,none,0,false,0,,붙어 앉기 선호 요청이지만 이 매장의 최대 붙여 앉기 가능 인원은 10명입니다.
req-00582,18,친구 모임,food_street,먹자골목,6,00:08(+1),24시대(0시대),148,split_ok,일부 분리 가능,together_likely,같이 앉기 가능성 높음,79.42,2,큰마당호프,호프,54,10,44,0.8148,18,6,54,3,together_single,1,true,1,반칸라운지,현재 좌석 점유율이 높습니다.
req-00598,18,소규모 술자리,front_gate,정문,2,00:15(+1),24시대(0시대),82,together,붙어 앉기 선호,together_likely,같이 앉기 가능성 높음,87.6,2,긴테이블집,한식주점,30,16,14,0.4667,10,6,30,3,together_single,1,false,0,,현재 빈 테이블 기준으로 4인 테이블 1개 배정이 가능합니다.
req-00594,18,조모임 뒤풀이,station,역 앞,6,01:01(+1),25시대(1시대),139,split_ok,일부 분리 가능,together_likely,같이 앉기 가능성 높음,77.7,2,조용한룸,이자카야,30,10,20,0.6667,10,8,30,3,together_combined,2,false,0,,현재 빈 테이블 기준으로 2개 테이블 결합 배정이 가능합니다.
req-00581,18,친구 모임,station,역 앞,3,01:17(+1),25시대(1시대),98,together,붙어 앉기 선호,together_likely,같이 앉기 가능성 높음,93.6,2,작은잔,바,18,18,0,0,4,4,18,6,together_single,1,false,0,,현재 빈 테이블 기준으로 4인 테이블 1개 배정이 가능합니다.
req-00604,18,소규모 술자리,food_street,먹자골목,2,01:38(+1),25시대(1시대),102,any,같은 매장이면 괜찮음,together_likely,같이 앉기 가능성 높음,88,2,반칸라운지,라운지,40,20,20,0.5,20,10,40,5,together_single,1,false,0,,현재 빈 테이블 기준으로 2인 테이블 1개 배정이 가능합니다.
req-00611,19,친구 모임,food_street,먹자골목,3,18:02,18시대,92,any,같은 매장이면 괜찮음,together_likely,같이 앉기 가능성 높음,93.6,2,반칸라운지,라운지,40,40,0,0,20,20,40,9,together_single,1,false,0,,현재 빈 테이블 기준으로 4인 테이블 1개 배정이 가능합니다.
req-00607,19,소규모 술자리,food_street,먹자골목,3,18:23,18시대,100,together,붙어 앉기 선호,together_likely,같이 앉기 가능성 높음,91.8,2,반칸라운지,라운지,40,34,6,0.15,20,20,40,7,together_single,1,false,0,,현재 빈 테이블 기준으로 4인 테이블 1개 배정이 가능합니다.
req-00608,19,동아리 소모임,station,역 앞,5,18:42,18시대,96,any,같은 매장이면 괜찮음,together_likely,같이 앉기 가능성 높음,88.8,2,조용한룸,이자카야,30,22,8,0.2667,10,10,30,5,together_single,1,false,0,,현재 빈 테이블 기준으로 룸 테이블 1개 배정이 가능합니다.
req-00623,19,조모임 뒤풀이,front_gate,정문,6,18:46,18시대,120,together,붙어 앉기 선호,together_likely,같이 앉기 가능성 높음,85.56,2,강의끝포차,포차,34,20,14,0.4118,8,8,34,7,together_combined,2,false,0,,현재 빈 테이블 기준으로 2개 테이블 결합 배정이 가능합니다.
req-00609,19,조모임 뒤풀이,front_gate,정문,7,18:47,18시대,140,any,같은 매장이면 괜찮음,together_likely,같이 앉기 가능성 높음,80.64,1,강의끝포차,포차,34,14,20,0.5882,8,8,34,5,together_combined,2,true,1,긴테이블집,현재 빈 테이블 기준으로 2개 테이블 결합 배정이 가능합니다.
req-00622,19,친구 모임,station,역 앞,6,18:47,18시대,108,split_ok,일부 분리 가능,together_likely,같이 앉기 가능성 높음,80.1,2,조용한룸,이자카야,30,12,18,0.6,10,8,30,4,together_combined,2,false,0,,현재 빈 테이블 기준으로 2개 테이블 결합 배정이 가능합니다.
req-00637,19,친구 모임,food_street,먹자골목,2,18:49,18시대,84,any,같은 매장이면 괜찮음,together_likely,같이 앉기 가능성 높음,88.22,2,큰마당호프,호프,54,28,26,0.4815,18,16,54,8,together_single,1,false,0,,현재 빈 테이블 기준으로 2인 테이블 1개 배정이 가능합니다.
req-00629,19,친구 모임,station,역 앞,4,19:15,19시대,109,any,같은 매장이면 괜찮음,inquiry_recommended,문의 권장,50,1,조용한룸,이자카야,30,6,24,0.8,10,6,30,2,together_single,1,true,1,작은잔,빈자리는 있으나 피크 시간대 점유와 테이블 결합 여유가 작아 문의가 필요합니다.
req-00615,19,조모임 뒤풀이,front_gate,정문,5,19:29,19시대,124,any,같은 매장이면 괜찮음,difficult,현재 조건에서는 어려움,0,0,긴테이블집,한식주점,30,0,30,1,10,0,30,0,none,0,true,2,긴테이블집 | 강의끝포차,현재 점유 중인 테이블 때문에 요청 인원에 맞는 빈 테이블 조합이 부족합니다.
req-00616,19,조모임 뒤풀이,food_street,먹자골목,8,19:35,19시대,90,any,같은 매장이면 괜찮음,inquiry_recommended,문의 권장,36.1,1,큰마당호프,호프,54,0,54,1,18,0,54,0,together_combined,2,true,2,큰마당호프 | 반칸라운지,입장 가능 여부는 매장에 대기/정리 시간을 문의해야 합니다.
req-00606,19,조모임 뒤풀이,back_gate,후문,6,20:52,20시대,99,any,같은 매장이면 괜찮음,split_only,분리 착석 가능,57.27,2,골목분식포차,분식포차,14,10,4,0.2857,4,4,14,4,split,2,true,2,후문마당 | 둥근테이블,붙어 앉기는 어렵지만 현재 빈 테이블 2개로 분리 착석은 가능합니다.
req-00614,19,친구 모임,food_street,먹자골목,6,21:00,21시대,116,together,붙어 앉기 선호,inquiry_recommended,문의 권장,34.08,2,큰마당호프,호프,54,8,46,0.8519,18,8,54,2,together_combined,2,true,1,반칸라운지,빈자리는 있으나 피크 시간대 점유와 테이블 결합 여유가 작아 문의가 필요합니다.
req-00627,19,소규모 술자리,food_street,먹자골목,3,21:20,21시대,132,any,같은 매장이면 괜찮음,inquiry_recommended,문의 권장,44.6,2,반칸라운지,라운지,40,4,36,0.9,20,4,40,1,together_single,1,true,1,큰마당호프,빈자리는 있으나 피크 시간대 점유와 테이블 결합 여유가 작아 문의가 필요합니다.
req-00635,19,학생회 행사 후 모임,food_street,먹자골목,12,21:25,21시대,128,any,같은 매장이면 괜찮음,inquiry_recommended,문의 권장,27.6,1,큰마당호프,호프,54,0,54,1,18,0,54,0,together_combined,3,true,2,큰마당호프 | 반칸라운지,입장 가능 여부는 매장에 대기/정리 시간을 문의해야 합니다.
req-00613,19,동아리 소모임,food_street,먹자골목,7,21:26,21시대,123,split_ok,일부 분리 가능,inquiry_recommended,문의 권장,33.5,1,큰마당호프,호프,54,0,54,1,18,0,54,0,together_combined,2,true,2,큰마당호프 | 반칸라운지,입장 가능 여부는 매장에 대기/정리 시간을 문의해야 합니다.
req-00631,19,친구 모임,front_gate,정문,4,21:30,21시대,96,split_ok,일부 분리 가능,together_likely,같이 앉기 가능성 높음,85.4,2,긴테이블집,한식주점,30,16,14,0.4667,10,6,30,3,together_single,1,false,0,,현재 빈 테이블 기준으로 4인 테이블 1개 배정이 가능합니다.
req-00633,19,친구 모임,back_gate,후문,4,21:33,21시대,127,split_ok,일부 분리 가능,together_likely,같이 앉기 가능성 높음,84.6,3,둥근테이블,술집,30,14,16,0.5333,4,4,30,5,together_single,1,true,1,골목분식포차,현재 빈 테이블 기준으로 4인 테이블 1개 배정이 가능합니다.
req-00626,19,조모임 뒤풀이,front_gate,정문,5,21:35,21시대,140,any,같은 매장이면 괜찮음,inquiry_recommended,문의 권장,53,2,긴테이블집,한식주점,30,12,18,0.6,10,6,30,2,together_single,1,false,0,,빈자리는 있으나 피크 시간대 점유와 테이블 결합 여유가 작아 문의가 필요합니다.
req-00620,19,조모임 뒤풀이,campus_nearby,캠퍼스 주변,7,21:36,21시대,103,together,붙어 앉기 선호,together_likely,같이 앉기 가능성 높음,81.1,1,넓은홀식당,식당형 술집,48,24,24,0.5,18,12,48,6,together_combined,2,false,0,,현재 빈 테이블 기준으로 2개 테이블 결합 배정이 가능합니다.
req-00621,19,동아리 전체 모임,front_gate,정문,9,21:44,21시대,112,together,붙어 앉기 선호,inquiry_recommended,문의 권장,25.1,1,긴테이블집,한식주점,30,6,24,0.8,10,6,30,1,split,2,true,1,긴테이블집,입장 가능 여부는 매장에 대기/정리 시간을 문의해야 합니다.
req-00612,19,동아리 전체 모임,front_gate,정문,10,21:53,21시대,156,together,붙어 앉기 선호,inquiry_recommended,문의 권장,24.7,1,긴테이블집,한식주점,30,6,24,0.8,10,6,30,1,split,2,true,1,긴테이블집,입장 가능 여부는 매장에 대기/정리 시간을 문의해야 합니다.
req-00605,19,학생회 행사 후 모임,food_street,먹자골목,11,22:16,22시대,177,split_ok,일부 분리 가능,split_only,분리 착석 가능,42.11,1,큰마당호프,호프,54,14,40,0.7407,18,8,54,4,split,3,true,2,큰마당호프 | 반칸라운지,붙어 앉기는 어렵지만 현재 빈 테이블 3개로 분리 착석은 가능합니다.
req-00618,19,조모임 뒤풀이,back_gate,후문,7,22:32,22시대,136,split_ok,일부 분리 가능,split_only,분리 착석 가능,55.7,3,둥근테이블,술집,30,16,14,0.4667,4,4,30,5,split,2,true,2,골목분식포차 | 후문마당,붙어 앉기는 어렵지만 현재 빈 테이블 2개로 분리 착석은 가능합니다.
req-00625,19,조모임 뒤풀이,food_street,먹자골목,8,22:45,22시대,99,any,같은 매장이면 괜찮음,inquiry_recommended,문의 권장,35.69,2,큰마당호프,호프,54,4,50,0.9259,18,4,54,2,together_combined,3,true,2,큰마당호프 | 반칸라운지,입장 가능 여부는 매장에 대기/정리 시간을 문의해야 합니다.
req-00628,19,소규모 술자리,food_street,먹자골목,4,22:47,22시대,101,together,붙어 앉기 선호,inquiry_recommended,문의 권장,34,2,반칸라운지,라운지,40,2,38,0.95,20,2,40,1,together_single,1,true,1,반칸라운지,입장 가능 여부는 매장에 대기/정리 시간을 문의해야 합니다.
req-00634,19,조모임 뒤풀이,back_gate,후문,8,22:56,22시대,152,together,붙어 앉기 선호,inquiry_recommended,문의 권장,26.83,1,후문마당,고깃집,36,4,32,0.8889,12,4,36,1,split,2,true,3,후문마당 | 둥근테이블 | 골목분식포차,입장 가능 여부는 매장에 대기/정리 시간을 문의해야 합니다.
req-00610,19,조모임 뒤풀이,campus_nearby,캠퍼스 주변,7,23:53,23시대,92,any,같은 매장이면 괜찮음,inquiry_recommended,문의 권장,52.1,1,넓은홀식당,식당형 술집,48,20,28,0.5833,18,12,48,5,together_combined,2,false,0,,빈자리는 있으나 피크 시간대 점유와 테이블 결합 여유가 작아 문의가 필요합니다.
req-00619,19,조모임 뒤풀이,campus_nearby,캠퍼스 주변,7,00:04(+1),24시대(0시대),92,together,붙어 앉기 선호,together_likely,같이 앉기 가능성 높음,82.5,1,넓은홀식당,식당형 술집,48,24,24,0.5,18,18,48,5,together_combined,2,false,0,,현재 빈 테이블 기준으로 2개 테이블 결합 배정이 가능합니다.
req-00630,19,동아리 소모임,back_gate,후문,7,00:06(+1),24시대(0시대),144,any,같은 매장이면 괜찮음,split_only,분리 착석 가능,54.26,2,골목분식포차,분식포차,14,8,6,0.4286,4,4,14,3,split,3,true,2,후문마당 | 둥근테이블,붙어 앉기는 어렵지만 현재 빈 테이블 3개로 분리 착석은 가능합니다.
req-00617,19,소규모 술자리,food_street,먹자골목,3,00:11(+1),24시대(0시대),132,together,붙어 앉기 선호,inquiry_recommended,문의 권장,41.33,1,큰마당호프,호프,54,6,48,0.8889,18,6,54,2,together_single,1,true,1,반칸라운지,빈자리는 있으나 피크 시간대 점유와 테이블 결합 여유가 작아 문의가 필요합니다.
req-00632,19,조모임 뒤풀이,food_street,먹자골목,5,00:14(+1),24시대(0시대),139,split_ok,일부 분리 가능,inquiry_recommended,문의 권장,44.23,1,큰마당호프,호프,54,6,48,0.8889,18,6,54,2,together_combined,2,true,1,반칸라운지,빈자리는 있으나 피크 시간대 점유와 테이블 결합 여유가 작아 문의가 필요합니다.
req-00636,19,MT 뒤풀이,food_street,먹자골목,9,00:44(+1),24시대(0시대),179,together,붙어 앉기 선호,inquiry_recommended,문의 권장,23.6,1,반칸라운지,라운지,40,2,38,0.95,20,2,40,1,together_combined,3,true,2,반칸라운지 | 큰마당호프,입장 가능 여부는 매장에 대기/정리 시간을 문의해야 합니다.
req-00624,19,조모임 뒤풀이,front_gate,정문,5,00:47(+1),24시대(0시대),100,split_ok,일부 분리 가능,together_likely,같이 앉기 가능성 높음,80,2,긴테이블집,한식주점,30,10,20,0.6667,10,10,30,1,together_single,1,false,0,,현재 빈 테이블 기준으로 10인 긴 테이블 1개 배정이 가능합니다.
req-00645,20,소규모 술자리,station,역 앞,3,18:09,18시대,114,split_ok,일부 분리 가능,together_likely,같이 앉기 가능성 높음,93.6,2,조용한룸,이자카야,30,30,0,0,10,10,30,7,together_single,1,false,0,,현재 빈 테이블 기준으로 4인 테이블 1개 배정이 가능합니다.
req-00667,20,조모임 뒤풀이,back_gate,후문,5,18:26,18시대,126,together,붙어 앉기 선호,together_likely,같이 앉기 가능성 높음,89.6,1,후문마당,고깃집,36,24,12,0.3333,12,12,36,5,together_single,1,false,0,,현재 빈 테이블 기준으로 6인 긴 테이블 1개 배정이 가능합니다.
req-00662,20,친구 모임,food_street,먹자골목,2,18:27,18시대,107,split_ok,일부 분리 가능,together_likely,같이 앉기 가능성 높음,92.22,2,큰마당호프,호프,54,46,8,0.1481,18,18,54,12,together_single,1,false,0,,현재 빈 테이블 기준으로 2인 테이블 1개 배정이 가능합니다.
req-00664,20,친구 모임,back_gate,후문,4,18:28,18시대,110,together,붙어 앉기 선호,together_likely,같이 앉기 가능성 높음,92.4,3,둥근테이블,술집,30,26,4,0.1333,4,4,30,8,together_single,1,false,0,,현재 빈 테이블 기준으로 4인 테이블 1개 배정이 가능합니다.
req-00642,20,동아리 소모임,back_gate,후문,8,18:44,18시대,154,together,붙어 앉기 선호,difficult,현재 조건에서는 어려움,3.2,0,둥근테이블,술집,30,18,12,0.4,4,4,30,6,none,0,true,1,후문마당,붙어 앉기 선호 요청이지만 이 매장의 최대 붙여 앉기 가능 인원은 4명입니다.
req-00648,20,조모임 뒤풀이,food_street,먹자골목,6,18:50,18시대,114,any,같은 매장이면 괜찮음,together_likely,같이 앉기 가능성 높음,91.33,1,큰마당호프,호프,54,42,12,0.2222,18,18,54,10,together_single,1,true,1,반칸라운지,현재 빈 테이블 기준으로 6인 긴 테이블 1개 배정이 가능합니다.
req-00663,20,조모임 뒤풀이,back_gate,후문,6,19:30,19시대,93,split_ok,일부 분리 가능,split_only,분리 착석 가능,49.14,2,골목분식포차,분식포차,14,6,8,0.5714,4,2,14,3,split,3,true,1,둥근테이블,붙어 앉기는 어렵지만 현재 빈 테이블 3개로 분리 착석은 가능합니다.
req-00643,20,동아리 소모임,station,역 앞,7,19:44,19시대,93,split_ok,일부 분리 가능,split_only,분리 착석 가능,49.73,2,작은잔,바,18,8,10,0.5556,4,4,18,3,split,3,true,1,조용한룸,붙어 앉기는 어렵지만 현재 빈 테이블 3개로 분리 착석은 가능합니다.
req-00661,20,동아리 전체 모임,front_gate,정문,13,19:50,19시대,132,any,같은 매장이면 괜찮음,inquiry_recommended,문의 권장,37.7,1,긴테이블집,한식주점,30,10,20,0.6667,10,10,30,1,split,2,true,2,긴테이블집 | 강의끝포차,입장 가능 여부는 매장에 대기/정리 시간을 문의해야 합니다.
req-00650,20,학생회 행사 후 모임,front_gate,정문,10,20:29,20시대,159,split_ok,일부 분리 가능,split_only,분리 착석 가능,49.75,2,강의끝포차,포차,34,18,16,0.4706,8,8,34,6,split,3,true,1,긴테이블집,붙어 앉기는 어렵지만 현재 빈 테이블 3개로 분리 착석은 가능합니다.
req-00657,20,소규모 술자리,station,역 앞,2,20:34,20시대,82,split_ok,일부 분리 가능,together_likely,같이 앉기 가능성 높음,87,1,조용한룸,이자카야,30,20,10,0.3333,10,10,30,4,together_single,1,true,1,작은잔,현재 빈 테이블 기준으로 2인 테이블 1개 배정이 가능합니다.
req-00654,20,조모임 뒤풀이,campus_nearby,캠퍼스 주변,5,20:39,20시대,96,split_ok,일부 분리 가능,inquiry_recommended,문의 권장,49.8,1,넓은홀식당,식당형 술집,48,14,34,0.7083,18,12,48,4,together_combined,2,false,0,,빈자리는 있으나 피크 시간대 점유와 테이블 결합 여유가 작아 문의가 필요합니다.
req-00660,20,조모임 뒤풀이,food_street,먹자골목,6,20:56,20시대,147,split_ok,일부 분리 가능,together_likely,같이 앉기 가능성 높음,86.8,2,반칸라운지,라운지,40,26,14,0.35,20,14,40,6,together_single,1,false,0,,현재 빈 테이블 기준으로 6인 긴 테이블 1개 배정이 가능합니다.
req-00644,20,친구 모임,station,역 앞,3,21:03,21시대,110,split_ok,일부 분리 가능,inquiry_recommended,문의 권장,45,2,조용한룸,이자카야,30,4,26,0.8667,10,4,30,1,together_single,1,true,1,작은잔,빈자리는 있으나 피크 시간대 점유와 테이블 결합 여유가 작아 문의가 필요합니다.
req-00640,20,과 행사 뒤풀이,food_street,먹자골목,9,21:07,21시대,171,together,붙어 앉기 선호,inquiry_recommended,문의 권장,36.8,1,큰마당호프,호프,54,18,36,0.6667,18,12,54,5,together_combined,3,true,1,반칸라운지,빈자리는 있으나 피크 시간대 점유와 테이블 결합 여유가 작아 문의가 필요합니다.
req-00653,20,과 행사 뒤풀이,food_street,먹자골목,9,21:30,21시대,165,split_ok,일부 분리 가능,inquiry_recommended,문의 권장,27.9,1,큰마당호프,호프,54,0,54,1,18,0,54,0,together_combined,2,true,2,큰마당호프 | 반칸라운지,입장 가능 여부는 매장에 대기/정리 시간을 문의해야 합니다.
req-00638,20,친구 모임,back_gate,후문,2,21:36,21시대,126,together,붙어 앉기 선호,together_likely,같이 앉기 가능성 높음,77.67,3,후문마당,고깃집,36,8,28,0.7778,12,8,36,2,together_single,1,false,0,,현재 좌석 점유율이 높습니다.
req-00652,20,친구 모임,food_street,먹자골목,2,21:45,21시대,123,any,같은 매장이면 괜찮음,inquiry_recommended,문의 권장,45.8,2,반칸라운지,라운지,40,4,36,0.9,20,4,40,2,together_single,1,false,0,,빈자리는 있으나 피크 시간대 점유와 테이블 결합 여유가 작아 문의가 필요합니다.
req-00668,20,소규모 술자리,food_street,먹자골목,4,21:56,21시대,135,split_ok,일부 분리 가능,inquiry_recommended,문의 권장,40.7,2,반칸라운지,라운지,40,4,36,0.9,20,4,40,2,together_combined,2,true,1,큰마당호프,빈자리는 있으나 피크 시간대 점유와 테이블 결합 여유가 작아 문의가 필요합니다.
req-00669,20,소규모 술자리,front_gate,정문,4,22:45,22시대,85,any,같은 매장이면 괜찮음,inquiry_recommended,문의 권장,46.2,2,긴테이블집,한식주점,30,6,24,0.8,10,6,30,1,together_single,1,false,0,,빈자리는 있으나 피크 시간대 점유와 테이블 결합 여유가 작아 문의가 필요합니다.
req-00665,20,소규모 술자리,station,역 앞,3,22:48,22시대,116,together,붙어 앉기 선호,together_likely,같이 앉기 가능성 높음,84.2,2,조용한룸,이자카야,30,14,16,0.5333,10,8,30,4,together_single,1,true,1,작은잔,현재 빈 테이블 기준으로 4인 테이블 1개 배정이 가능합니다.
req-00656,20,친구 모임,front_gate,정문,7,22:53,22시대,101,split_ok,일부 분리 가능,split_only,분리 착석 가능,46.53,2,강의끝포차,포차,34,10,24,0.7059,8,6,34,4,split,3,true,2,강의끝포차 | 긴테이블집,붙어 앉기는 어렵지만 현재 빈 테이블 3개로 분리 착석은 가능합니다.
req-00670,20,MT 뒤풀이,food_street,먹자골목,12,22:53,22시대,128,split_ok,일부 분리 가능,split_only,분리 착석 가능,45,1,반칸라운지,라운지,40,16,24,0.6,20,10,40,4,split,3,true,2,반칸라운지 | 큰마당호프,붙어 앉기는 어렵지만 현재 빈 테이블 3개로 분리 착석은 가능합니다.
req-00655,20,학생회 행사 후 모임,campus_nearby,캠퍼스 주변,12,23:10,23시대,159,together,붙어 앉기 선호,inquiry_recommended,문의 권장,41.5,1,넓은홀식당,식당형 술집,48,24,24,0.5,18,12,48,6,together_combined,2,false,0,,빈자리는 있으나 피크 시간대 점유와 테이블 결합 여유가 작아 문의가 필요합니다.
req-00658,20,동아리 전체 모임,back_gate,후문,12,23:11,23시대,123,split_ok,일부 분리 가능,split_only,분리 착석 가능,49,2,둥근테이블,술집,30,18,12,0.4,4,4,30,5,split,3,true,1,골목분식포차,붙어 앉기는 어렵지만 현재 빈 테이블 3개로 분리 착석은 가능합니다.
req-00646,20,소규모 술자리,food_street,먹자골목,2,23:22,23시대,96,together,붙어 앉기 선호,together_likely,같이 앉기 가능성 높음,79.62,2,큰마당호프,호프,54,10,44,0.8148,18,10,54,3,together_single,1,true,1,반칸라운지,현재 좌석 점유율이 높습니다.
req-00649,20,친구 모임,food_street,먹자골목,3,23:33,23시대,102,any,같은 매장이면 괜찮음,together_likely,같이 앉기 가능성 높음,79.2,2,반칸라운지,라운지,40,10,30,0.75,20,6,40,2,together_single,1,false,0,,현재 좌석 점유율이 높습니다.
req-00659,20,친구 모임,food_street,먹자골목,4,23:36,23시대,103,together,붙어 앉기 선호,together_likely,같이 앉기 가능성 높음,78.02,1,큰마당호프,호프,54,10,44,0.8148,18,10,54,3,together_single,1,true,1,반칸라운지,현재 좌석 점유율이 높습니다.
req-00639,20,조모임 뒤풀이,food_street,먹자골목,5,23:41,23시대,123,split_ok,일부 분리 가능,inquiry_recommended,문의 권장,50.87,2,큰마당호프,호프,54,12,42,0.7778,18,6,54,4,together_single,1,true,1,반칸라운지,빈자리는 있으나 피크 시간대 점유와 테이블 결합 여유가 작아 문의가 필요합니다.
req-00651,20,동아리 소모임,back_gate,후문,5,23:50,23시대,118,split_ok,일부 분리 가능,split_only,분리 착석 가능,61.3,3,골목분식포차,분식포차,14,14,0,0,4,4,14,5,split,2,true,1,후문마당,붙어 앉기는 어렵지만 현재 빈 테이블 2개로 분리 착석은 가능합니다.
req-00647,20,MT 뒤풀이,food_street,먹자골목,12,23:53,23시대,119,together,붙어 앉기 선호,inquiry_recommended,문의 권장,35.34,2,큰마당호프,호프,54,20,34,0.6296,18,12,54,6,together_combined,4,true,1,반칸라운지,빈자리는 있으나 피크 시간대 점유와 테이블 결합 여유가 작아 문의가 필요합니다.
req-00641,20,동아리 전체 모임,back_gate,후문,12,00:36(+1),24시대(0시대),134,together,붙어 앉기 선호,inquiry_recommended,문의 권장,28.47,1,후문마당,고깃집,36,8,28,0.7778,12,8,36,2,together_combined,3,true,3,후문마당 | 둥근테이블 | 골목분식포차,입장 가능 여부는 매장에 대기/정리 시간을 문의해야 합니다.
req-00666,20,소규모 술자리,back_gate,후문,3,01:19(+1),25시대(1시대),88,together,붙어 앉기 선호,together_likely,같이 앉기 가능성 높음,87.2,2,둥근테이블,술집,30,14,16,0.5333,4,4,30,5,together_single,1,true,1,골목분식포차,현재 빈 테이블 기준으로 4인 테이블 1개 배정이 가능합니다.
req-00702,21,조모임 뒤풀이,campus_nearby,캠퍼스 주변,5,18:09,18시대,114,any,같은 매장이면 괜찮음,together_likely,같이 앉기 가능성 높음,93.6,1,넓은홀식당,식당형 술집,48,48,0,0,18,18,48,11,together_single,1,false,0,,현재 빈 테이블 기준으로 6인 긴 테이블 1개 배정이 가능합니다.
req-00694,21,친구 모임,back_gate,후문,4,18:30,18시대,103,together,붙어 앉기 선호,together_likely,같이 앉기 가능성 높음,94,3,둥근테이블,술집,30,30,0,0,4,4,30,9,together_single,1,false,0,,현재 빈 테이블 기준으로 4인 테이블 1개 배정이 가능합니다.
req-00671,21,조모임 뒤풀이,campus_nearby,캠퍼스 주변,6,19:14,19시대,140,together,붙어 앉기 선호,together_likely,같이 앉기 가능성 높음,92.5,1,넓은홀식당,식당형 술집,48,42,6,0.125,18,18,48,10,together_single,1,false,0,,현재 빈 테이블 기준으로 6인 긴 테이블 1개 배정이 가능합니다.
req-00680,21,학생회 행사 후 모임,front_gate,정문,11,19:17,19시대,167,any,같은 매장이면 괜찮음,difficult,현재 조건에서는 어려움,0,0,긴테이블집,한식주점,30,0,30,1,10,0,30,0,none,0,true,2,긴테이블집 | 강의끝포차,현재 점유 중인 테이블 때문에 요청 인원에 맞는 빈 테이블 조합이 부족합니다.
req-00690,21,친구 모임,food_street,먹자골목,4,19:21,19시대,118,any,같은 매장이면 괜찮음,together_likely,같이 앉기 가능성 높음,85.56,1,큰마당호프,호프,54,16,38,0.7037,18,10,54,5,together_single,1,true,1,반칸라운지,현재 빈 테이블 기준으로 4인 테이블 1개 배정이 가능합니다.
req-00677,21,동아리 소모임,front_gate,정문,5,19:37,19시대,124,split_ok,일부 분리 가능,difficult,현재 조건에서는 어려움,0,0,긴테이블집,한식주점,30,0,30,1,10,0,30,0,none,0,true,2,긴테이블집 | 강의끝포차,현재 점유 중인 테이블 때문에 요청 인원에 맞는 빈 테이블 조합이 부족합니다.
req-00688,21,친구 모임,front_gate,정문,5,20:02,20시대,104,any,같은 매장이면 괜찮음,inquiry_recommended,문의 권장,38.6,1,긴테이블집,한식주점,30,0,30,1,10,0,30,0,together_single,1,true,2,긴테이블집 | 강의끝포차,입장 가능 여부는 매장에 대기/정리 시간을 문의해야 합니다.
req-00687,21,조모임 뒤풀이,food_street,먹자골목,7,20:06,20시대,142,split_ok,일부 분리 가능,inquiry_recommended,문의 권장,36.63,1,큰마당호프,호프,54,6,48,0.8889,18,6,54,3,together_combined,4,true,2,큰마당호프 | 반칸라운지,입장 가능 여부는 매장에 대기/정리 시간을 문의해야 합니다.
req-00681,21,소규모 술자리,front_gate,정문,2,20:19,20시대,105,split_ok,일부 분리 가능,together_likely,같이 앉기 가능성 높음,75,2,긴테이블집,한식주점,30,6,24,0.8,10,6,30,1,together_single,1,false,0,,현재 좌석 점유율이 높습니다.
req-00684,21,소규모 술자리,back_gate,후문,3,20:31,20시대,98,together,붙어 앉기 선호,inquiry_recommended,문의 권장,38.2,2,후문마당,고깃집,36,6,30,0.8333,12,6,36,1,together_single,1,true,2,골목분식포차 | 둥근테이블,빈자리는 있으나 피크 시간대 점유와 테이블 결합 여유가 작아 문의가 필요합니다.
req-00701,21,소규모 술자리,food_street,먹자골목,4,20:52,20시대,119,split_ok,일부 분리 가능,inquiry_recommended,문의 권장,45.6,2,반칸라운지,라운지,40,6,34,0.85,20,6,40,1,together_single,1,true,1,큰마당호프,빈자리는 있으나 피크 시간대 점유와 테이블 결합 여유가 작아 문의가 필요합니다.
req-00695,21,조모임 뒤풀이,station,역 앞,7,21:06,21시대,126,split_ok,일부 분리 가능,split_only,분리 착석 가능,57.03,2,작은잔,바,18,14,4,0.2222,4,4,18,5,split,2,true,1,조용한룸,붙어 앉기는 어렵지만 현재 빈 테이블 2개로 분리 착석은 가능합니다.
req-00703,21,친구 모임,front_gate,정문,5,21:39,21시대,140,any,같은 매장이면 괜찮음,inquiry_recommended,문의 권장,37.41,1,강의끝포차,포차,34,2,32,0.9412,8,2,34,1,together_combined,2,true,2,강의끝포차 | 긴테이블집,입장 가능 여부는 매장에 대기/정리 시간을 문의해야 합니다.
req-00691,21,동아리 소모임,front_gate,정문,8,21:55,21시대,117,together,붙어 앉기 선호,inquiry_recommended,문의 권장,41.24,1,강의끝포차,포차,34,14,20,0.5882,8,8,34,4,together_combined,2,true,1,긴테이블집,빈자리는 있으나 피크 시간대 점유와 테이블 결합 여유가 작아 문의가 필요합니다.
req-00699,21,소규모 술자리,back_gate,후문,3,21:58,21시대,120,any,같은 매장이면 괜찮음,together_likely,같이 앉기 가능성 높음,88.09,3,골목분식포차,분식포차,14,12,2,0.1429,4,4,14,4,together_single,1,false,0,,현재 빈 테이블 기준으로 4인 테이블 1개 배정이 가능합니다.
req-00693,21,조모임 뒤풀이,food_street,먹자골목,6,22:05,22시대,99,any,같은 매장이면 괜찮음,inquiry_recommended,문의 권장,52.51,1,큰마당호프,호프,54,14,40,0.7407,18,8,54,3,together_single,1,true,1,반칸라운지,빈자리는 있으나 피크 시간대 점유와 테이블 결합 여유가 작아 문의가 필요합니다.
req-00682,21,학생회 행사 후 모임,food_street,먹자골목,10,22:12,22시대,169,any,같은 매장이면 괜찮음,inquiry_recommended,문의 권장,43.6,1,큰마당호프,호프,54,18,36,0.6667,18,12,54,4,together_combined,3,true,1,반칸라운지,빈자리는 있으나 피크 시간대 점유와 테이블 결합 여유가 작아 문의가 필요합니다.
req-00697,21,친구 모임,station,역 앞,6,22:16,22시대,107,split_ok,일부 분리 가능,difficult,현재 조건에서는 어려움,0,0,조용한룸,이자카야,30,4,26,0.8667,10,4,30,1,none,0,true,2,조용한룸 | 작은잔,현재 점유 중인 테이블 때문에 요청 인원에 맞는 빈 테이블 조합이 부족합니다.
req-00672,21,친구 모임,food_street,먹자골목,3,22:21,22시대,122,together,붙어 앉기 선호,together_likely,같이 앉기 가능성 높음,82.16,1,큰마당호프,호프,54,16,38,0.7037,18,12,54,3,together_single,1,true,1,반칸라운지,현재 빈 테이블 기준으로 4인 테이블 1개 배정이 가능합니다.
req-00678,21,조모임 뒤풀이,food_street,먹자골목,8,22:47,22시대,141,together,붙어 앉기 선호,inquiry_recommended,문의 권장,33.32,2,큰마당호프,호프,54,10,44,0.8148,18,6,54,3,split,2,true,2,큰마당호프 | 반칸라운지,붙어 앉기 요청 기준으로는 현재 연속 좌석이 부족합니다.
req-00683,21,조모임 뒤풀이,back_gate,후문,8,22:53,22시대,110,split_ok,일부 분리 가능,inquiry_recommended,문의 권장,42.17,1,후문마당,고깃집,36,8,28,0.7778,12,8,36,2,together_combined,2,true,2,둥근테이블 | 골목분식포차,빈자리는 있으나 피크 시간대 점유와 테이블 결합 여유가 작아 문의가 필요합니다.
req-00679,21,조모임 뒤풀이,station,역 앞,5,22:55,22시대,108,split_ok,일부 분리 가능,inquiry_recommended,문의 권장,41.8,2,조용한룸,이자카야,30,4,26,0.8667,10,4,30,1,together_single,1,true,2,조용한룸 | 작은잔,입장 가능 여부는 매장에 대기/정리 시간을 문의해야 합니다.
req-00700,21,소규모 술자리,front_gate,정문,2,22:55,22시대,85,together,붙어 앉기 선호,together_likely,같이 앉기 가능성 높음,78.2,2,긴테이블집,한식주점,30,8,22,0.7333,10,4,30,2,together_single,1,false,0,,현재 빈 테이블 기준으로 4인 테이블 1개 배정이 가능합니다.
req-00673,21,친구 모임,food_street,먹자골목,2,23:12,23시대,109,split_ok,일부 분리 가능,inquiry_recommended,문의 권장,41.4,2,큰마당호프,호프,54,0,54,1,18,0,54,0,together_single,1,true,2,큰마당호프 | 반칸라운지,입장 가능 여부는 매장에 대기/정리 시간을 문의해야 합니다.
req-00698,21,조모임 뒤풀이,back_gate,후문,8,23:21,23시대,124,any,같은 매장이면 괜찮음,inquiry_recommended,문의 권장,37.63,2,후문마당,고깃집,36,4,32,0.8889,12,4,36,1,together_combined,2,true,3,후문마당 | 둥근테이블 | 골목분식포차,입장 가능 여부는 매장에 대기/정리 시간을 문의해야 합니다.
req-00676,21,친구 모임,food_street,먹자골목,2,23:30,23시대,103,split_ok,일부 분리 가능,together_likely,같이 앉기 가능성 높음,81.8,2,반칸라운지,라운지,40,12,28,0.7,20,12,40,3,together_single,1,false,0,,현재 빈 테이블 기준으로 4인 테이블 1개 배정이 가능합니다.
req-00686,21,조모임 뒤풀이,campus_nearby,캠퍼스 주변,7,23:52,23시대,109,together,붙어 앉기 선호,together_likely,같이 앉기 가능성 높음,84.1,1,넓은홀식당,식당형 술집,48,36,12,0.25,18,18,48,8,together_combined,2,false,0,,현재 빈 테이블 기준으로 2개 테이블 결합 배정이 가능합니다.
req-00689,21,조모임 뒤풀이,campus_nearby,캠퍼스 주변,6,23:54,23시대,111,split_ok,일부 분리 가능,inquiry_recommended,문의 권장,55,1,넓은홀식당,식당형 술집,48,16,32,0.6667,18,12,48,4,together_single,1,false,0,,빈자리는 있으나 피크 시간대 점유와 테이블 결합 여유가 작아 문의가 필요합니다.
req-00692,21,동아리 전체 모임,station,역 앞,9,00:43(+1),24시대(0시대),140,split_ok,일부 분리 가능,together_likely,같이 앉기 가능성 높음,89.6,1,조용한룸,이자카야,30,30,0,0,10,10,30,7,together_single,1,true,1,작은잔,현재 빈 테이블 기준으로 룸 테이블 1개 배정이 가능합니다.
req-00675,21,동아리 전체 모임,back_gate,후문,10,01:04(+1),25시대(1시대),139,split_ok,일부 분리 가능,together_likely,같이 앉기 가능성 높음,81.7,3,후문마당,고깃집,36,24,12,0.3333,12,12,36,5,together_combined,2,false,0,,현재 빈 테이블 기준으로 2개 테이블 결합 배정이 가능합니다.
req-00685,21,친구 모임,front_gate,정문,5,01:07(+1),25시대(1시대),111,any,같은 매장이면 괜찮음,together_likely,같이 앉기 가능성 높음,83.75,2,강의끝포차,포차,34,16,18,0.5294,8,8,34,5,together_combined,2,true,1,긴테이블집,현재 빈 테이블 기준으로 2개 테이블 결합 배정이 가능합니다.
req-00696,21,과 행사 뒤풀이,back_gate,후문,9,01:46(+1),25시대(1시대),134,together,붙어 앉기 선호,inquiry_recommended,문의 권장,42.47,1,후문마당,고깃집,36,20,16,0.4444,12,12,36,5,together_combined,3,true,1,골목분식포차,빈자리는 있으나 피크 시간대 점유와 테이블 결합 여유가 작아 문의가 필요합니다.
req-00674,21,조모임 뒤풀이,station,역 앞,5,01:54(+1),25시대(1시대),146,together,붙어 앉기 선호,together_likely,같이 앉기 가능성 높음,86.1,1,조용한룸,이자카야,30,20,10,0.3333,10,8,30,6,together_combined,2,false,0,,현재 빈 테이블 기준으로 2개 테이블 결합 배정이 가능합니다.
req-00726,22,MT 뒤풀이,front_gate,정문,13,18:11,18시대,141,split_ok,일부 분리 가능,split_only,분리 착석 가능,61.1,2,긴테이블집,한식주점,30,30,0,0,10,10,30,5,split,2,false,0,,붙어 앉기는 어렵지만 현재 빈 테이블 2개로 분리 착석은 가능합니다.
req-00725,22,친구 모임,food_street,먹자골목,3,18:20,18시대,88,split_ok,일부 분리 가능,together_likely,같이 앉기 가능성 높음,93.6,2,큰마당호프,호프,54,54,0,0,18,18,54,14,together_single,1,false,0,,현재 빈 테이블 기준으로 4인 테이블 1개 배정이 가능합니다.
req-00728,22,친구 모임,front_gate,정문,4,18:29,18시대,106,any,같은 매장이면 괜찮음,together_likely,같이 앉기 가능성 높음,94,2,강의끝포차,포차,34,34,0,0,8,8,34,10,together_single,1,false,0,,현재 빈 테이블 기준으로 4인 테이블 1개 배정이 가능합니다.
req-00722,22,친구 모임,campus_nearby,캠퍼스 주변,3,18:34,18시대,108,together,붙어 앉기 선호,together_likely,같이 앉기 가능성 높음,93.6,1,넓은홀식당,식당형 술집,48,48,0,0,18,18,48,11,together_single,1,false,0,,현재 빈 테이블 기준으로 4인 테이블 1개 배정이 가능합니다.
req-00705,22,학생회 행사 후 모임,food_street,먹자골목,12,18:38,18시대,158,together,붙어 앉기 선호,together_likely,같이 앉기 가능성 높음,85.61,2,큰마당호프,호프,54,50,4,0.0741,18,18,54,13,together_combined,2,true,1,반칸라운지,현재 빈 테이블 기준으로 2개 테이블 결합 배정이 가능합니다.
req-00709,22,친구 모임,front_gate,정문,7,18:45,18시대,111,split_ok,일부 분리 가능,together_likely,같이 앉기 가능성 높음,84.45,2,강의끝포차,포차,34,18,16,0.4706,8,8,34,6,together_combined,2,true,1,긴테이블집,현재 빈 테이블 기준으로 2개 테이블 결합 배정이 가능합니다.
req-00708,22,MT 뒤풀이,front_gate,정문,10,18:51,18시대,124,together,붙어 앉기 선호,inquiry_recommended,문의 권장,34.1,1,긴테이블집,한식주점,30,12,18,0.6,10,6,30,2,split,2,true,1,긴테이블집,붙어 앉기 요청 기준으로는 현재 연속 좌석이 부족합니다.
req-00715,22,친구 모임,food_street,먹자골목,2,19:21,19시대,118,together,붙어 앉기 선호,together_likely,같이 앉기 가능성 높음,89.56,1,큰마당호프,호프,54,34,20,0.3704,18,16,54,10,together_single,1,true,1,반칸라운지,현재 빈 테이블 기준으로 2인 테이블 1개 배정이 가능합니다.
req-00706,22,과 행사 뒤풀이,station,역 앞,10,19:42,19시대,138,split_ok,일부 분리 가능,split_only,분리 착석 가능,56,1,조용한룸,이자카야,30,20,10,0.3333,10,8,30,6,split,3,true,2,조용한룸 | 작은잔,붙어 앉기는 어렵지만 현재 빈 테이블 3개로 분리 착석은 가능합니다.
req-00727,22,동아리 소모임,food_street,먹자골목,8,19:42,19시대,124,together,붙어 앉기 선호,together_likely,같이 앉기 가능성 높음,83.83,2,큰마당호프,호프,54,24,30,0.5556,18,14,54,7,together_combined,2,true,1,반칸라운지,현재 빈 테이블 기준으로 2개 테이블 결합 배정이 가능합니다.
req-00712,22,소규모 술자리,back_gate,후문,2,20:25,20시대,80,split_ok,일부 분리 가능,together_likely,같이 앉기 가능성 높음,91,3,골목분식포차,분식포차,14,14,0,0,4,4,14,5,together_single,1,true,1,둥근테이블,현재 빈 테이블 기준으로 2인 테이블 1개 배정이 가능합니다.
req-00733,22,친구 모임,back_gate,후문,5,20:34,20시대,152,any,같은 매장이면 괜찮음,together_likely,같이 앉기 가능성 높음,89.27,2,후문마당,고깃집,36,32,4,0.1111,12,12,36,7,together_single,1,true,1,둥근테이블,현재 빈 테이블 기준으로 6인 긴 테이블 1개 배정이 가능합니다.
req-00710,22,소규모 술자리,campus_nearby,캠퍼스 주변,3,21:48,21시대,109,split_ok,일부 분리 가능,inquiry_recommended,문의 권장,44.4,1,넓은홀식당,식당형 술집,48,4,44,0.9167,18,4,48,1,together_single,1,false,0,,빈자리는 있으나 피크 시간대 점유와 테이블 결합 여유가 작아 문의가 필요합니다.
req-00704,22,친구 모임,back_gate,후문,2,22:03,22시대,119,any,같은 매장이면 괜찮음,together_likely,같이 앉기 가능성 높음,79,1,둥근테이블,술집,30,8,22,0.7333,4,4,30,3,together_single,1,true,2,후문마당 | 골목분식포차,현재 빈 테이블 기준으로 2인 테이블 1개 배정이 가능합니다.
req-00720,22,친구 모임,front_gate,정문,6,22:07,22시대,119,split_ok,일부 분리 가능,inquiry_recommended,문의 권장,43.92,1,강의끝포차,포차,34,8,26,0.7647,8,6,34,3,together_combined,2,true,1,긴테이블집,빈자리는 있으나 피크 시간대 점유와 테이블 결합 여유가 작아 문의가 필요합니다.
req-00714,22,소규모 술자리,back_gate,후문,4,22:12,22시대,113,any,같은 매장이면 괜찮음,inquiry_recommended,문의 권장,47,1,둥근테이블,술집,30,6,24,0.8,4,4,30,2,together_single,1,true,2,후문마당 | 골목분식포차,빈자리는 있으나 피크 시간대 점유와 테이블 결합 여유가 작아 문의가 필요합니다.
req-00711,22,과 행사 뒤풀이,station,역 앞,13,22:13,22시대,177,any,같은 매장이면 괜찮음,split_only,분리 착석 가능,47.5,1,조용한룸,이자카야,30,14,16,0.5333,10,10,30,2,split,2,true,1,작은잔,붙어 앉기는 어렵지만 현재 빈 테이블 2개로 분리 착석은 가능합니다.
req-00729,22,조모임 뒤풀이,front_gate,정문,7,22:31,22시대,120,together,붙어 앉기 선호,inquiry_recommended,문의 권장,28.3,1,긴테이블집,한식주점,30,4,26,0.8667,10,4,30,1,split,2,true,2,긴테이블집 | 강의끝포차,입장 가능 여부는 매장에 대기/정리 시간을 문의해야 합니다.
req-00707,22,친구 모임,back_gate,후문,6,22:35,22시대,117,together,붙어 앉기 선호,difficult,현재 조건에서는 어려움,0,0,후문마당,고깃집,36,0,36,1,12,0,36,0,none,0,true,3,후문마당 | 둥근테이블 | 골목분식포차,현재 점유 중인 테이블 때문에 요청 인원에 맞는 빈 테이블 조합이 부족합니다.
req-00732,22,조모임 뒤풀이,food_street,먹자골목,7,22:39,22시대,141,any,같은 매장이면 괜찮음,inquiry_recommended,문의 권장,48.9,2,반칸라운지,라운지,40,14,26,0.65,20,12,40,4,together_combined,2,false,0,,빈자리는 있으나 피크 시간대 점유와 테이블 결합 여유가 작아 문의가 필요합니다.
req-00735,22,친구 모임,back_gate,후문,6,22:39,22시대,118,together,붙어 앉기 선호,difficult,현재 조건에서는 어려움,0,0,후문마당,고깃집,36,0,36,1,12,0,36,0,none,0,true,3,후문마당 | 둥근테이블 | 골목분식포차,현재 점유 중인 테이블 때문에 요청 인원에 맞는 빈 테이블 조합이 부족합니다.
req-00730,22,친구 모임,front_gate,정문,3,22:55,22시대,124,any,같은 매장이면 괜찮음,together_likely,같이 앉기 가능성 높음,77.8,2,긴테이블집,한식주점,30,8,22,0.7333,10,4,30,2,together_single,1,true,1,강의끝포차,현재 빈 테이블 기준으로 4인 테이블 1개 배정이 가능합니다.
req-00731,22,친구 모임,front_gate,정문,3,22:56,22시대,90,together,붙어 앉기 선호,together_likely,같이 앉기 가능성 높음,76.62,2,강의끝포차,포차,34,8,26,0.7647,8,6,34,2,together_single,1,false,0,,현재 좌석 점유율이 높습니다.
req-00724,22,동아리 소모임,front_gate,정문,6,23:02,23시대,99,any,같은 매장이면 괜찮음,difficult,현재 조건에서는 어려움,0,0,긴테이블집,한식주점,30,0,30,1,10,0,30,0,none,0,true,2,긴테이블집 | 강의끝포차,현재 점유 중인 테이블 때문에 요청 인원에 맞는 빈 테이블 조합이 부족합니다.
req-00721,22,조모임 뒤풀이,station,역 앞,7,23:11,23시대,92,together,붙어 앉기 선호,difficult,현재 조건에서는 어려움,0,0,조용한룸,이자카야,30,4,26,0.8667,10,4,30,2,none,0,true,2,조용한룸 | 작은잔,현재 점유 중인 테이블 때문에 요청 인원에 맞는 빈 테이블 조합이 부족합니다.
req-00717,22,동아리 소모임,front_gate,정문,6,23:18,23시대,121,together,붙어 앉기 선호,difficult,현재 조건에서는 어려움,0,0,긴테이블집,한식주점,30,0,30,1,10,0,30,0,none,0,true,2,긴테이블집 | 강의끝포차,현재 점유 중인 테이블 때문에 요청 인원에 맞는 빈 테이블 조합이 부족합니다.
req-00719,22,과 행사 뒤풀이,food_street,먹자골목,10,23:47,23시대,135,any,같은 매장이면 괜찮음,split_only,분리 착석 가능,44.5,2,반칸라운지,라운지,40,10,30,0.75,20,6,40,2,split,2,false,0,,현재 좌석 점유율이 높습니다.
req-00713,22,친구 모임,back_gate,후문,5,23:56,23시대,140,split_ok,일부 분리 가능,split_only,분리 착석 가능,54.9,2,둥근테이블,술집,30,14,16,0.5333,4,4,30,4,split,2,true,1,골목분식포차,붙어 앉기는 어렵지만 현재 빈 테이블 2개로 분리 착석은 가능합니다.
req-00736,22,학생회 행사 후 모임,station,역 앞,13,00:21(+1),24시대(0시대),149,any,같은 매장이면 괜찮음,difficult,현재 조건에서는 어려움,0,0,조용한룸,이자카야,30,12,18,0.6,10,8,30,4,none,0,true,2,조용한룸 | 작은잔,현재 점유 중인 테이블 때문에 요청 인원에 맞는 빈 테이블 조합이 부족합니다.
req-00716,22,친구 모임,back_gate,후문,3,00:30(+1),24시대(0시대),92,any,같은 매장이면 괜찮음,together_likely,같이 앉기 가능성 높음,85.6,3,둥근테이블,술집,30,12,18,0.6,4,4,30,4,together_single,1,false,0,,현재 빈 테이블 기준으로 4인 테이블 1개 배정이 가능합니다.
req-00734,22,조모임 뒤풀이,back_gate,후문,5,00:35(+1),24시대(0시대),110,together,붙어 앉기 선호,difficult,현재 조건에서는 어려움,0.57,0,골목분식포차,분식포차,14,10,4,0.2857,4,4,14,4,none,0,true,1,후문마당,붙어 앉기 선호 요청이지만 이 매장의 최대 붙여 앉기 가능 인원은 4명입니다.
req-00723,22,소규모 술자리,station,역 앞,3,00:46(+1),24시대(0시대),96,split_ok,일부 분리 가능,together_likely,같이 앉기 가능성 높음,93.6,1,작은잔,바,18,18,0,0,4,4,18,6,together_single,1,true,1,조용한룸,현재 빈 테이블 기준으로 4인 테이블 1개 배정이 가능합니다.
req-00718,22,학생회 행사 후 모임,campus_nearby,캠퍼스 주변,11,00:47(+1),24시대(0시대),153,split_ok,일부 분리 가능,together_likely,같이 앉기 가능성 높음,81.6,1,넓은홀식당,식당형 술집,48,30,18,0.375,18,12,48,7,together_combined,2,false,0,,현재 빈 테이블 기준으로 2개 테이블 결합 배정이 가능합니다.
req-00751,23,과 행사 뒤풀이,food_street,먹자골목,10,18:29,18시대,165,together,붙어 앉기 선호,inquiry_recommended,문의 권장,48.11,2,큰마당호프,호프,54,50,4,0.0741,18,18,54,13,together_combined,3,false,0,,빈자리는 있으나 피크 시간대 점유와 테이블 결합 여유가 작아 문의가 필요합니다.
req-00767,23,소규모 술자리,back_gate,후문,2,18:30,18시대,100,together,붙어 앉기 선호,together_likely,같이 앉기 가능성 높음,94,3,골목분식포차,분식포차,14,14,0,0,4,4,14,5,together_single,1,false,0,,현재 빈 테이블 기준으로 2인 테이블 1개 배정이 가능합니다.
req-00759,23,조모임 뒤풀이,front_gate,정문,6,18:41,18시대,136,together,붙어 앉기 선호,together_likely,같이 앉기 가능성 높음,94,2,긴테이블집,한식주점,30,30,0,0,10,10,30,5,together_single,1,false,0,,현재 빈 테이블 기준으로 6인 긴 테이블 1개 배정이 가능합니다.
req-00737,23,MT 뒤풀이,food_street,먹자골목,12,18:49,18시대,176,any,같은 매장이면 괜찮음,together_likely,같이 앉기 가능성 높음,85.61,2,큰마당호프,호프,54,50,4,0.0741,18,18,54,13,together_combined,2,false,0,,현재 빈 테이블 기준으로 2개 테이블 결합 배정이 가능합니다.
req-00744,23,소규모 술자리,food_street,먹자골목,2,19:06,19시대,131,split_ok,일부 분리 가능,together_likely,같이 앉기 가능성 높음,91,2,반칸라운지,라운지,40,30,10,0.25,20,20,40,6,together_single,1,false,0,,현재 빈 테이블 기준으로 2인 테이블 1개 배정이 가능합니다.
req-00768,23,조모임 뒤풀이,station,역 앞,5,19:14,19시대,102,any,같은 매장이면 괜찮음,split_only,분리 착석 가능,58.77,1,작은잔,바,18,10,8,0.4444,4,4,18,4,split,2,true,1,조용한룸,붙어 앉기는 어렵지만 현재 빈 테이블 2개로 분리 착석은 가능합니다.
req-00750,23,동아리 소모임,station,역 앞,8,19:25,19시대,123,any,같은 매장이면 괜찮음,inquiry_recommended,문의 권장,40.9,1,조용한룸,이자카야,30,4,26,0.8667,10,4,30,1,together_combined,2,true,2,조용한룸 | 작은잔,입장 가능 여부는 매장에 대기/정리 시간을 문의해야 합니다.
req-00765,23,친구 모임,food_street,먹자골목,3,20:10,20시대,122,split_ok,일부 분리 가능,inquiry_recommended,문의 권장,46.33,2,큰마당호프,호프,54,6,48,0.8889,18,6,54,2,together_single,1,false,0,,빈자리는 있으나 피크 시간대 점유와 테이블 결합 여유가 작아 문의가 필요합니다.
req-00769,23,과 행사 뒤풀이,front_gate,정문,12,20:12,20시대,146,together,붙어 앉기 선호,difficult,현재 조건에서는 어려움,0,0,긴테이블집,한식주점,30,0,30,1,10,0,30,0,none,0,true,2,긴테이블집 | 강의끝포차,붙어 앉기 선호 요청이지만 이 매장의 최대 붙여 앉기 가능 인원은 10명입니다.
req-00740,23,친구 모임,food_street,먹자골목,4,20:17,20시대,81,split_ok,일부 분리 가능,inquiry_recommended,문의 권장,45.93,2,큰마당호프,호프,54,6,48,0.8889,18,6,54,2,together_single,1,false,0,,빈자리는 있으나 피크 시간대 점유와 테이블 결합 여유가 작아 문의가 필요합니다.
req-00756,23,동아리 소모임,front_gate,정문,5,20:29,20시대,136,any,같은 매장이면 괜찮음,difficult,현재 조건에서는 어려움,0,0,긴테이블집,한식주점,30,0,30,1,10,0,30,0,none,0,true,2,긴테이블집 | 강의끝포차,현재 점유 중인 테이블 때문에 요청 인원에 맞는 빈 테이블 조합이 부족합니다.
req-00764,23,동아리 소모임,front_gate,정문,8,20:32,20시대,151,together,붙어 앉기 선호,difficult,현재 조건에서는 어려움,0,0,긴테이블집,한식주점,30,0,30,1,10,0,30,0,none,0,true,2,긴테이블집 | 강의끝포차,현재 점유 중인 테이블 때문에 요청 인원에 맞는 빈 테이블 조합이 부족합니다.
req-00746,23,동아리 소모임,back_gate,후문,7,20:50,20시대,115,any,같은 매장이면 괜찮음,inquiry_recommended,문의 권장,31.9,1,후문마당,고깃집,36,0,36,1,12,0,36,0,together_combined,2,true,3,후문마당 | 둥근테이블 | 골목분식포차,입장 가능 여부는 매장에 대기/정리 시간을 문의해야 합니다.
req-00749,23,조모임 뒤풀이,back_gate,후문,6,20:55,20시대,124,any,같은 매장이면 괜찮음,inquiry_recommended,문의 권장,51.8,3,후문마당,고깃집,36,12,24,0.6667,12,12,36,2,together_single,1,true,1,골목분식포차,빈자리는 있으나 피크 시간대 점유와 테이블 결합 여유가 작아 문의가 필요합니다.
req-00757,23,동아리 소모임,back_gate,후문,7,21:12,21시대,140,split_ok,일부 분리 가능,split_only,분리 착석 가능,47.03,1,후문마당,고깃집,36,10,26,0.7222,12,6,36,2,split,2,true,3,후문마당 | 둥근테이블 | 골목분식포차,붙어 앉기는 어렵지만 현재 빈 테이블 2개로 분리 착석은 가능합니다.
req-00738,23,학생회 행사 후 모임,food_street,먹자골목,9,21:21,21시대,152,split_ok,일부 분리 가능,inquiry_recommended,문의 권장,44,2,반칸라운지,라운지,40,16,24,0.6,20,12,40,5,together_combined,3,false,0,,빈자리는 있으나 피크 시간대 점유와 테이블 결합 여유가 작아 문의가 필요합니다.
req-00760,23,조모임 뒤풀이,station,역 앞,7,21:35,21시대,101,together,붙어 앉기 선호,together_likely,같이 앉기 가능성 높음,81,1,조용한룸,이자카야,30,14,16,0.5333,10,10,30,3,together_single,1,false,0,,현재 빈 테이블 기준으로 룸 테이블 1개 배정이 가능합니다.
req-00755,23,학생회 행사 후 모임,back_gate,후문,12,21:36,21시대,115,split_ok,일부 분리 가능,difficult,현재 조건에서는 어려움,0,0,후문마당,고깃집,36,8,28,0.7778,12,8,36,2,none,0,true,3,후문마당 | 둥근테이블 | 골목분식포차,현재 점유 중인 테이블 때문에 요청 인원에 맞는 빈 테이블 조합이 부족합니다.
req-00747,23,소규모 술자리,station,역 앞,3,21:47,21시대,91,any,같은 매장이면 괜찮음,together_likely,같이 앉기 가능성 높음,80.2,2,조용한룸,이자카야,30,12,18,0.6,10,10,30,2,together_single,1,false,0,,현재 빈 테이블 기준으로 룸 테이블 1개 배정이 가능합니다.
req-00761,23,동아리 전체 모임,food_street,먹자골목,12,21:50,21시대,152,any,같은 매장이면 괜찮음,together_likely,같이 앉기 가능성 높음,82.3,2,반칸라운지,라운지,40,36,4,0.1,20,20,40,8,together_combined,2,false,0,,현재 빈 테이블 기준으로 2개 테이블 결합 배정이 가능합니다.
req-00752,23,동아리 소모임,front_gate,정문,7,21:55,21시대,116,together,붙어 앉기 선호,difficult,현재 조건에서는 어려움,0,0,긴테이블집,한식주점,30,0,30,1,10,0,30,0,none,0,true,2,긴테이블집 | 강의끝포차,현재 점유 중인 테이블 때문에 요청 인원에 맞는 빈 테이블 조합이 부족합니다.
req-00741,23,친구 모임,campus_nearby,캠퍼스 주변,3,22:16,22시대,131,split_ok,일부 분리 가능,inquiry_recommended,문의 권장,39.4,1,넓은홀식당,식당형 술집,48,0,48,1,18,0,48,0,together_single,1,true,1,넓은홀식당,입장 가능 여부는 매장에 대기/정리 시간을 문의해야 합니다.
req-00763,23,동아리 전체 모임,station,역 앞,11,22:18,22시대,156,split_ok,일부 분리 가능,difficult,현재 조건에서는 어려움,0,0,조용한룸,이자카야,30,6,24,0.8,10,6,30,2,none,0,true,2,조용한룸 | 작은잔,현재 점유 중인 테이블 때문에 요청 인원에 맞는 빈 테이블 조합이 부족합니다.
req-00766,23,조모임 뒤풀이,front_gate,정문,7,22:23,22시대,93,split_ok,일부 분리 가능,difficult,현재 조건에서는 어려움,0,0,긴테이블집,한식주점,30,6,24,0.8,10,6,30,1,none,0,true,2,긴테이블집 | 강의끝포차,현재 점유 중인 테이블 때문에 요청 인원에 맞는 빈 테이블 조합이 부족합니다.
req-00745,23,소규모 술자리,food_street,먹자골목,4,22:29,22시대,93,together,붙어 앉기 선호,together_likely,같이 앉기 가능성 높음,82.56,1,큰마당호프,호프,54,16,38,0.7037,18,10,54,4,together_single,1,true,1,반칸라운지,현재 빈 테이블 기준으로 4인 테이블 1개 배정이 가능합니다.
req-00739,23,과 행사 뒤풀이,station,역 앞,11,22:33,22시대,120,together,붙어 앉기 선호,difficult,현재 조건에서는 어려움,0,0,조용한룸,이자카야,30,6,24,0.8,10,6,30,2,none,0,true,2,조용한룸 | 작은잔,붙어 앉기 선호 요청이지만 이 매장의 최대 붙여 앉기 가능 인원은 10명입니다.
req-00754,23,동아리 전체 모임,station,역 앞,11,22:52,22시대,135,split_ok,일부 분리 가능,difficult,현재 조건에서는 어려움,0,0,조용한룸,이자카야,30,6,24,0.8,10,6,30,2,none,0,true,2,조용한룸 | 작은잔,현재 점유 중인 테이블 때문에 요청 인원에 맞는 빈 테이블 조합이 부족합니다.
req-00743,23,동아리 소모임,back_gate,후문,7,23:15,23시대,128,any,같은 매장이면 괜찮음,inquiry_recommended,문의 권장,38.7,3,후문마당,고깃집,36,6,30,0.8333,12,6,36,1,together_combined,2,true,3,후문마당 | 골목분식포차 | 둥근테이블,입장 가능 여부는 매장에 대기/정리 시간을 문의해야 합니다.
req-00753,23,동아리 소모임,front_gate,정문,8,23:25,23시대,115,together,붙어 앉기 선호,inquiry_recommended,문의 권장,36.94,1,강의끝포차,포차,34,12,22,0.6471,8,6,34,3,split,2,true,2,강의끝포차 | 긴테이블집,붙어 앉기 요청 기준으로는 현재 연속 좌석이 부족합니다.
req-00762,23,소규모 술자리,campus_nearby,캠퍼스 주변,2,23:35,23시대,81,split_ok,일부 분리 가능,inquiry_recommended,문의 권장,41.4,1,넓은홀식당,식당형 술집,48,0,48,1,18,0,48,0,together_single,1,true,1,넓은홀식당,입장 가능 여부는 매장에 대기/정리 시간을 문의해야 합니다.
req-00742,23,소규모 술자리,food_street,먹자골목,4,23:55,23시대,101,split_ok,일부 분리 가능,together_likely,같이 앉기 가능성 높음,76.6,2,반칸라운지,라운지,40,8,32,0.8,20,8,40,2,together_single,1,true,1,큰마당호프,현재 좌석 점유율이 높습니다.
req-00748,23,조모임 뒤풀이,food_street,먹자골목,5,00:25(+1),24시대(0시대),132,split_ok,일부 분리 가능,together_likely,같이 앉기 가능성 높음,86.4,2,반칸라운지,라운지,40,16,24,0.6,20,12,40,3,together_single,1,false,0,,현재 빈 테이블 기준으로 6인 긴 테이블 1개 배정이 가능합니다.
req-00758,23,소규모 술자리,station,역 앞,3,01:58(+1),25시대(1시대),106,any,같은 매장이면 괜찮음,together_likely,같이 앉기 가능성 높음,83.2,2,조용한룸,이자카야,30,10,20,0.6667,10,8,30,3,together_single,1,false,0,,현재 빈 테이블 기준으로 4인 테이블 1개 배정이 가능합니다.
req-00792,24,소규모 술자리,back_gate,후문,3,18:17,18시대,88,any,같은 매장이면 괜찮음,together_likely,같이 앉기 가능성 높음,93.6,3,후문마당,고깃집,36,36,0,0,12,12,36,8,together_single,1,false,0,,현재 빈 테이블 기준으로 4인 테이블 1개 배정이 가능합니다.
req-00801,24,동아리 전체 모임,campus_nearby,캠퍼스 주변,9,18:25,18시대,142,split_ok,일부 분리 가능,inquiry_recommended,문의 권장,54.1,1,넓은홀식당,식당형 술집,48,38,10,0.2083,18,18,48,9,together_combined,3,false,0,,빈자리는 있으나 피크 시간대 점유와 테이블 결합 여유가 작아 문의가 필요합니다.
req-00772,24,친구 모임,front_gate,정문,3,18:35,18시대,120,split_ok,일부 분리 가능,together_likely,같이 앉기 가능성 높음,93.6,2,강의끝포차,포차,34,34,0,0,8,8,34,10,together_single,1,false,0,,현재 빈 테이블 기준으로 4인 테이블 1개 배정이 가능합니다.
req-00773,24,동아리 소모임,campus_nearby,캠퍼스 주변,8,19:00,19시대,113,split_ok,일부 분리 가능,together_likely,같이 앉기 가능성 높음,85.5,1,넓은홀식당,식당형 술집,48,28,20,0.4167,18,18,48,6,together_combined,2,false,0,,현재 빈 테이블 기준으로 2개 테이블 결합 배정이 가능합니다.
req-00774,24,동아리 소모임,food_street,먹자골목,5,19:12,19시대,145,together,붙어 앉기 선호,together_likely,같이 앉기 가능성 높음,91.8,2,반칸라운지,라운지,40,34,6,0.15,20,14,40,8,together_single,1,false,0,,현재 빈 테이블 기준으로 6인 긴 테이블 1개 배정이 가능합니다.
req-00776,24,MT 뒤풀이,campus_nearby,캠퍼스 주변,9,19:45,19시대,141,split_ok,일부 분리 가능,inquiry_recommended,문의 권장,36.4,1,넓은홀식당,식당형 술집,48,6,42,0.875,18,6,48,1,together_combined,2,true,1,넓은홀식당,입장 가능 여부는 매장에 대기/정리 시간을 문의해야 합니다.
req-00788,24,친구 모임,food_street,먹자골목,3,20:04,20시대,117,any,같은 매장이면 괜찮음,together_likely,같이 앉기 가능성 높음,82.8,2,반칸라운지,라운지,40,14,26,0.65,20,12,40,4,together_single,1,false,0,,현재 빈 테이블 기준으로 4인 테이블 1개 배정이 가능합니다.
req-00795,24,학생회 행사 후 모임,campus_nearby,캠퍼스 주변,9,20:06,20시대,168,split_ok,일부 분리 가능,inquiry_recommended,문의 권장,43.9,1,넓은홀식당,식당형 술집,48,16,32,0.6667,18,12,48,3,together_combined,2,false,0,,빈자리는 있으나 피크 시간대 점유와 테이블 결합 여유가 작아 문의가 필요합니다.
req-00789,24,친구 모임,front_gate,정문,6,20:12,20시대,134,any,같은 매장이면 괜찮음,inquiry_recommended,문의 권장,50.2,2,긴테이블집,한식주점,30,10,20,0.6667,10,6,30,2,together_single,1,true,1,강의끝포차,빈자리는 있으나 피크 시간대 점유와 테이블 결합 여유가 작아 문의가 필요합니다.
req-00793,24,친구 모임,station,역 앞,8,20:21,20시대,137,split_ok,일부 분리 가능,difficult,현재 조건에서는 어려움,0,0,조용한룸,이자카야,30,6,24,0.8,10,6,30,2,none,0,true,2,조용한룸 | 작은잔,현재 점유 중인 테이블 때문에 요청 인원에 맞는 빈 테이블 조합이 부족합니다.
req-00800,24,과 행사 뒤풀이,food_street,먹자골목,12,20:50,20시대,139,split_ok,일부 분리 가능,split_only,분리 착석 가능,43.76,2,큰마당호프,호프,54,16,38,0.7037,18,10,54,4,split,3,true,2,큰마당호프 | 반칸라운지,붙어 앉기는 어렵지만 현재 빈 테이블 3개로 분리 착석은 가능합니다.
req-00790,24,동아리 소모임,front_gate,정문,7,20:51,20시대,100,split_ok,일부 분리 가능,inquiry_recommended,문의 권장,43.4,2,긴테이블집,한식주점,30,6,24,0.8,10,6,30,1,together_single,1,true,2,긴테이블집 | 강의끝포차,입장 가능 여부는 매장에 대기/정리 시간을 문의해야 합니다.
req-00791,24,친구 모임,station,역 앞,3,20:51,20시대,120,together,붙어 앉기 선호,together_likely,같이 앉기 가능성 높음,80.2,2,조용한룸,이자카야,30,10,20,0.6667,10,8,30,3,together_single,1,false,0,,현재 빈 테이블 기준으로 4인 테이블 1개 배정이 가능합니다.
req-00784,24,친구 모임,back_gate,후문,7,21:00,21시대,152,together,붙어 앉기 선호,difficult,현재 조건에서는 어려움,0,0,후문마당,고깃집,36,6,30,0.8333,12,6,36,1,none,0,true,1,후문마당,현재 점유 중인 테이블 때문에 요청 인원에 맞는 빈 테이블 조합이 부족합니다.
req-00787,24,조모임 뒤풀이,campus_nearby,캠퍼스 주변,7,21:00,21시대,95,any,같은 매장이면 괜찮음,together_likely,같이 앉기 가능성 높음,84.1,1,넓은홀식당,식당형 술집,48,36,12,0.25,18,12,48,9,together_combined,2,false,0,,현재 빈 테이블 기준으로 2개 테이블 결합 배정이 가능합니다.
req-00796,24,조모임 뒤풀이,back_gate,후문,5,21:59,21시대,121,together,붙어 앉기 선호,together_likely,같이 앉기 가능성 높음,84.6,1,후문마당,고깃집,36,18,18,0.5,12,12,36,4,together_single,1,false,0,,현재 빈 테이블 기준으로 6인 긴 테이블 1개 배정이 가능합니다.
req-00799,24,MT 뒤풀이,back_gate,후문,9,22:00,22시대,140,any,같은 매장이면 괜찮음,inquiry_recommended,문의 권장,39.2,1,후문마당,고깃집,36,12,24,0.6667,12,12,36,3,together_combined,3,true,2,둥근테이블 | 골목분식포차,빈자리는 있으나 피크 시간대 점유와 테이블 결합 여유가 작아 문의가 필요합니다.
req-00785,24,학생회 행사 후 모임,back_gate,후문,9,22:03,22시대,135,split_ok,일부 분리 가능,inquiry_recommended,문의 권장,39.2,1,후문마당,고깃집,36,12,24,0.6667,12,12,36,3,together_combined,3,true,2,둥근테이블 | 골목분식포차,빈자리는 있으나 피크 시간대 점유와 테이블 결합 여유가 작아 문의가 필요합니다.
req-00782,24,동아리 소모임,campus_nearby,캠퍼스 주변,6,22:14,22시대,152,any,같은 매장이면 괜찮음,together_likely,같이 앉기 가능성 높음,89,1,넓은홀식당,식당형 술집,48,40,8,0.1667,18,18,48,9,together_single,1,false,0,,현재 빈 테이블 기준으로 6인 긴 테이블 1개 배정이 가능합니다.
req-00778,24,동아리 전체 모임,front_gate,정문,13,22:34,22시대,126,together,붙어 앉기 선호,difficult,현재 조건에서는 어려움,0,0,긴테이블집,한식주점,30,10,20,0.6667,10,10,30,1,none,0,true,1,긴테이블집,붙어 앉기 선호 요청이지만 이 매장의 최대 붙여 앉기 가능 인원은 10명입니다.
req-00779,24,과 행사 뒤풀이,food_street,먹자골목,12,22:37,22시대,111,together,붙어 앉기 선호,difficult,현재 조건에서는 어려움,0,0,반칸라운지,라운지,40,0,40,1,20,0,40,0,none,0,true,2,반칸라운지 | 큰마당호프,현재 점유 중인 테이블 때문에 요청 인원에 맞는 빈 테이블 조합이 부족합니다.
req-00783,24,과 행사 뒤풀이,station,역 앞,9,22:54,22시대,151,split_ok,일부 분리 가능,split_only,분리 착석 가능,51,2,조용한룸,이자카야,30,18,12,0.4,10,8,30,5,split,3,true,2,조용한룸 | 작은잔,붙어 앉기는 어렵지만 현재 빈 테이블 3개로 분리 착석은 가능합니다.
req-00777,24,과 행사 뒤풀이,food_street,먹자골목,10,22:58,22시대,179,any,같은 매장이면 괜찮음,inquiry_recommended,문의 권장,30.09,1,큰마당호프,호프,54,4,50,0.9259,18,4,54,1,together_combined,3,true,2,큰마당호프 | 반칸라운지,입장 가능 여부는 매장에 대기/정리 시간을 문의해야 합니다.
req-00780,24,친구 모임,food_street,먹자골목,3,23:16,23시대,82,split_ok,일부 분리 가능,together_likely,같이 앉기 가능성 높음,82.16,2,큰마당호프,호프,54,16,38,0.7037,18,10,54,4,together_single,1,false,0,,현재 빈 테이블 기준으로 4인 테이블 1개 배정이 가능합니다.
req-00786,24,과 행사 뒤풀이,station,역 앞,10,23:55,23시대,165,together,붙어 앉기 선호,difficult,현재 조건에서는 어려움,0,0,조용한룸,이자카야,30,4,26,0.8667,10,4,30,2,none,0,true,2,조용한룸 | 작은잔,현재 점유 중인 테이블 때문에 요청 인원에 맞는 빈 테이블 조합이 부족합니다.
req-00781,24,조모임 뒤풀이,front_gate,정문,5,23:58,23시대,150,together,붙어 앉기 선호,together_likely,같이 앉기 가능성 높음,87.07,1,강의끝포차,포차,34,24,10,0.2941,8,8,34,7,together_single,1,true,1,긴테이블집,현재 빈 테이블 기준으로 6인 긴 테이블 1개 배정이 가능합니다.
req-00794,24,동아리 소모임,food_street,먹자골목,7,23:59,23시대,102,any,같은 매장이면 괜찮음,inquiry_recommended,문의 권장,37.63,1,큰마당호프,호프,54,6,48,0.8889,18,6,54,1,split,2,true,2,큰마당호프 | 반칸라운지,입장 가능 여부는 매장에 대기/정리 시간을 문의해야 합니다.
req-00797,24,조모임 뒤풀이,front_gate,정문,6,00:19(+1),24시대(0시대),106,together,붙어 앉기 선호,together_likely,같이 앉기 가능성 높음,88.35,1,강의끝포차,포차,34,18,16,0.4706,8,8,34,5,together_single,1,true,1,긴테이블집,현재 빈 테이블 기준으로 6인 긴 테이블 1개 배정이 가능합니다.
req-00802,24,친구 모임,back_gate,후문,3,00:19(+1),24시대(0시대),120,split_ok,일부 분리 가능,together_likely,같이 앉기 가능성 높음,87.77,2,골목분식포차,분식포차,14,10,4,0.2857,4,4,14,4,together_single,1,true,1,둥근테이블,현재 빈 테이블 기준으로 4인 테이블 1개 배정이 가능합니다.
req-00798,24,과 행사 뒤풀이,food_street,먹자골목,11,01:01(+1),25시대(1시대),122,split_ok,일부 분리 가능,together_likely,같이 앉기 가능성 높음,84.3,2,반칸라운지,라운지,40,34,6,0.15,20,20,40,7,together_combined,2,false,0,,현재 빈 테이블 기준으로 2개 테이블 결합 배정이 가능합니다.
req-00770,24,동아리 소모임,campus_nearby,캠퍼스 주변,6,01:41(+1),25시대(1시대),119,any,같은 매장이면 괜찮음,together_likely,같이 앉기 가능성 높음,81.8,1,넓은홀식당,식당형 술집,48,12,36,0.75,18,12,48,2,together_single,1,false,0,,현재 좌석 점유율이 높습니다.
req-00775,24,동아리 소모임,front_gate,정문,8,01:49(+1),25시대(1시대),123,together,붙어 앉기 선호,inquiry_recommended,문의 권장,37.3,2,긴테이블집,한식주점,30,10,20,0.6667,10,6,30,2,split,2,true,2,긴테이블집 | 강의끝포차,붙어 앉기 요청 기준으로는 현재 연속 좌석이 부족합니다.
req-00771,24,소규모 술자리,front_gate,정문,4,01:51(+1),25시대(1시대),119,split_ok,일부 분리 가능,together_likely,같이 앉기 가능성 높음,82.8,2,긴테이블집,한식주점,30,10,20,0.6667,10,6,30,2,together_single,1,false,0,,현재 빈 테이블 기준으로 4인 테이블 1개 배정이 가능합니다.
req-00827,25,소규모 술자리,back_gate,후문,2,18:00,18시대,121,any,같은 매장이면 괜찮음,together_likely,같이 앉기 가능성 높음,94,3,둥근테이블,술집,30,30,0,0,4,4,30,9,together_single,1,false,0,,현재 빈 테이블 기준으로 2인 테이블 1개 배정이 가능합니다.
req-00816,25,과 행사 뒤풀이,front_gate,정문,11,18:42,18시대,145,split_ok,일부 분리 가능,split_only,분리 착석 가능,58.19,2,강의끝포차,포차,34,30,4,0.1176,8,8,34,9,split,3,false,0,,붙어 앉기는 어렵지만 현재 빈 테이블 3개로 분리 착석은 가능합니다.
req-00812,25,동아리 소모임,food_street,먹자골목,8,19:05,19시대,127,split_ok,일부 분리 가능,together_likely,같이 앉기 가능성 높음,86.94,2,큰마당호프,호프,54,38,16,0.2963,18,18,54,10,together_combined,2,false,0,,현재 빈 테이블 기준으로 2개 테이블 결합 배정이 가능합니다.
req-00814,25,친구 모임,back_gate,후문,8,19:07,19시대,100,split_ok,일부 분리 가능,split_only,분리 착석 가능,60.7,2,둥근테이블,술집,30,18,12,0.4,4,4,30,5,split,2,true,1,후문마당,붙어 앉기는 어렵지만 현재 빈 테이블 2개로 분리 착석은 가능합니다.
req-00809,25,동아리 소모임,food_street,먹자골목,6,19:46,19시대,123,any,같은 매장이면 괜찮음,together_likely,같이 앉기 가능성 높음,90.44,2,큰마당호프,호프,54,38,16,0.2963,18,18,54,10,together_single,1,false,0,,현재 빈 테이블 기준으로 6인 긴 테이블 1개 배정이 가능합니다.
req-00811,25,소규모 술자리,back_gate,후문,2,19:55,19시대,114,together,붙어 앉기 선호,together_likely,같이 앉기 가능성 높음,88.97,3,골목분식포차,분식포차,14,10,4,0.2857,4,4,14,4,together_single,1,true,1,둥근테이블,현재 빈 테이블 기준으로 2인 테이블 1개 배정이 가능합니다.
req-00828,25,동아리 전체 모임,front_gate,정문,9,20:01,20시대,133,split_ok,일부 분리 가능,inquiry_recommended,문의 권장,35.5,1,긴테이블집,한식주점,30,8,22,0.7333,10,4,30,2,split,2,true,2,긴테이블집 | 강의끝포차,입장 가능 여부는 매장에 대기/정리 시간을 문의해야 합니다.
req-00804,25,동아리 전체 모임,back_gate,후문,10,20:09,20시대,173,any,같은 매장이면 괜찮음,inquiry_recommended,문의 권장,45.6,3,후문마당,고깃집,36,18,18,0.5,12,12,36,4,together_combined,3,true,2,골목분식포차 | 둥근테이블,빈자리는 있으나 피크 시간대 점유와 테이블 결합 여유가 작아 문의가 필요합니다.
req-00835,25,소규모 술자리,station,역 앞,3,20:16,20시대,96,split_ok,일부 분리 가능,together_likely,같이 앉기 가능성 높음,85.8,2,작은잔,바,18,12,6,0.3333,4,4,18,4,together_single,1,false,0,,현재 빈 테이블 기준으로 4인 테이블 1개 배정이 가능합니다.
req-00823,25,조모임 뒤풀이,station,역 앞,7,20:32,20시대,128,together,붙어 앉기 선호,inquiry_recommended,문의 권장,35.4,1,조용한룸,이자카야,30,6,24,0.8,10,6,30,2,together_single,1,true,1,조용한룸,입장 가능 여부는 매장에 대기/정리 시간을 문의해야 합니다.
req-00805,25,소규모 술자리,food_street,먹자골목,3,20:43,20시대,121,any,같은 매장이면 괜찮음,together_likely,같이 앉기 가능성 높음,77,2,반칸라운지,라운지,40,8,32,0.8,20,8,40,3,together_single,1,false,0,,현재 좌석 점유율이 높습니다.
req-00815,25,동아리 소모임,food_street,먹자골목,8,20:46,20시대,126,together,붙어 앉기 선호,inquiry_recommended,문의 권장,32.4,2,반칸라운지,라운지,40,8,32,0.8,20,8,40,3,together_combined,3,false,0,,빈자리는 있으나 피크 시간대 점유와 테이블 결합 여유가 작아 문의가 필요합니다.
req-00830,25,친구 모임,food_street,먹자골목,3,21:03,21시대,115,split_ok,일부 분리 가능,inquiry_recommended,문의 권장,46.8,1,반칸라운지,라운지,40,6,34,0.85,20,6,40,2,together_single,1,true,1,큰마당호프,빈자리는 있으나 피크 시간대 점유와 테이블 결합 여유가 작아 문의가 필요합니다.
req-00825,25,동아리 전체 모임,front_gate,정문,9,21:08,21시대,154,together,붙어 앉기 선호,difficult,현재 조건에서는 어려움,0,0,긴테이블집,한식주점,30,0,30,1,10,0,30,0,none,0,true,1,긴테이블집,현재 점유 중인 테이블 때문에 요청 인원에 맞는 빈 테이블 조합이 부족합니다.
req-00826,25,조모임 뒤풀이,back_gate,후문,6,21:31,21시대,118,split_ok,일부 분리 가능,split_only,분리 착석 가능,47.3,2,둥근테이블,술집,30,8,22,0.7333,4,4,30,3,split,2,true,2,골목분식포차 | 후문마당,붙어 앉기는 어렵지만 현재 빈 테이블 2개로 분리 착석은 가능합니다.
req-00806,25,동아리 전체 모임,food_street,먹자골목,11,21:37,21시대,135,split_ok,일부 분리 가능,inquiry_recommended,문의 권장,32.43,2,큰마당호프,호프,54,6,48,0.8889,18,6,54,1,together_combined,2,true,2,큰마당호프 | 반칸라운지,입장 가능 여부는 매장에 대기/정리 시간을 문의해야 합니다.
req-00820,25,동아리 소모임,station,역 앞,5,21:44,21시대,95,split_ok,일부 분리 가능,inquiry_recommended,문의 권장,47.1,2,조용한룸,이자카야,30,10,20,0.6667,10,8,30,3,together_combined,2,false,0,,빈자리는 있으나 피크 시간대 점유와 테이블 결합 여유가 작아 문의가 필요합니다.
req-00829,25,동아리 전체 모임,food_street,먹자골목,10,22:12,22시대,136,together,붙어 앉기 선호,inquiry_recommended,문의 권장,20.3,1,반칸라운지,라운지,40,0,40,1,20,0,40,0,together_combined,2,true,2,반칸라운지 | 큰마당호프,입장 가능 여부는 매장에 대기/정리 시간을 문의해야 합니다.
req-00821,25,조모임 뒤풀이,food_street,먹자골목,7,22:39,22시대,113,together,붙어 앉기 선호,inquiry_recommended,문의 권장,32.1,2,반칸라운지,라운지,40,6,34,0.85,20,6,40,1,together_combined,2,true,2,반칸라운지 | 큰마당호프,입장 가능 여부는 매장에 대기/정리 시간을 문의해야 합니다.
req-00824,25,친구 모임,food_street,먹자골목,4,22:51,22시대,128,together,붙어 앉기 선호,together_likely,같이 앉기 가능성 높음,80.07,2,큰마당호프,호프,54,12,42,0.7778,18,6,54,3,together_single,1,false,0,,현재 좌석 점유율이 높습니다.
req-00834,25,조모임 뒤풀이,station,역 앞,5,22:58,22시대,144,any,같은 매장이면 괜찮음,inquiry_recommended,문의 권장,37.5,2,조용한룸,이자카야,30,2,28,0.9333,10,2,30,1,together_combined,2,true,2,조용한룸 | 작은잔,입장 가능 여부는 매장에 대기/정리 시간을 문의해야 합니다.
req-00810,25,MT 뒤풀이,food_street,먹자골목,9,23:16,23시대,179,split_ok,일부 분리 가능,split_only,분리 착석 가능,40.4,2,반칸라운지,라운지,40,10,30,0.75,20,6,40,3,split,3,true,1,반칸라운지,현재 좌석 점유율이 높습니다.
req-00831,25,친구 모임,food_street,먹자골목,6,23:25,23시대,99,any,같은 매장이면 괜찮음,inquiry_recommended,문의 권장,46.97,1,큰마당호프,호프,54,12,42,0.7778,18,12,54,4,together_combined,2,true,1,반칸라운지,빈자리는 있으나 피크 시간대 점유와 테이블 결합 여유가 작아 문의가 필요합니다.
req-00808,25,친구 모임,front_gate,정문,7,23:35,23시대,101,together,붙어 앉기 선호,inquiry_recommended,문의 권장,25.11,1,강의끝포차,포차,34,4,30,0.8824,8,4,34,2,split,4,true,2,강의끝포차 | 긴테이블집,입장 가능 여부는 매장에 대기/정리 시간을 문의해야 합니다.
req-00813,25,친구 모임,back_gate,후문,5,23:38,23시대,148,together,붙어 앉기 선호,together_likely,같이 앉기 가능성 높음,86.6,1,후문마당,고깃집,36,24,12,0.3333,12,12,36,5,together_single,1,true,1,골목분식포차,현재 빈 테이블 기준으로 6인 긴 테이블 1개 배정이 가능합니다.
req-00818,25,MT 뒤풀이,station,역 앞,11,23:39,23시대,123,together,붙어 앉기 선호,difficult,현재 조건에서는 어려움,0,0,조용한룸,이자카야,30,22,8,0.2667,10,10,30,5,none,0,true,1,작은잔,붙어 앉기 선호 요청이지만 이 매장의 최대 붙여 앉기 가능 인원은 10명입니다.
req-00819,25,학생회 행사 후 모임,front_gate,정문,10,23:44,23시대,119,together,붙어 앉기 선호,difficult,현재 조건에서는 어려움,0,0,긴테이블집,한식주점,30,6,24,0.8,10,6,30,1,none,0,true,2,긴테이블집 | 강의끝포차,현재 점유 중인 테이블 때문에 요청 인원에 맞는 빈 테이블 조합이 부족합니다.
req-00833,25,동아리 소모임,campus_nearby,캠퍼스 주변,5,00:02(+1),24시대(0시대),105,split_ok,일부 분리 가능,inquiry_recommended,문의 권장,45.7,1,넓은홀식당,식당형 술집,48,8,40,0.8333,18,8,48,2,together_combined,2,false,0,,빈자리는 있으나 피크 시간대 점유와 테이블 결합 여유가 작아 문의가 필요합니다.
req-00832,25,MT 뒤풀이,food_street,먹자골목,12,00:05(+1),24시대(0시대),172,split_ok,일부 분리 가능,inquiry_recommended,문의 권장,47.9,2,반칸라운지,라운지,40,18,22,0.55,20,14,40,3,together_combined,2,false,0,,빈자리는 있으나 피크 시간대 점유와 테이블 결합 여유가 작아 문의가 필요합니다.
req-00817,25,소규모 술자리,back_gate,후문,3,00:56(+1),24시대(0시대),118,together,붙어 앉기 선호,together_likely,같이 앉기 가능성 높음,90.4,3,둥근테이블,술집,30,22,8,0.2667,4,4,30,6,together_single,1,true,1,후문마당,현재 빈 테이블 기준으로 4인 테이블 1개 배정이 가능합니다.
req-00803,25,조모임 뒤풀이,food_street,먹자골목,5,01:51(+1),25시대(1시대),124,split_ok,일부 분리 가능,together_likely,같이 앉기 가능성 높음,86.49,1,큰마당호프,호프,54,22,32,0.5926,18,12,54,7,together_single,1,true,1,반칸라운지,현재 빈 테이블 기준으로 6인 긴 테이블 1개 배정이 가능합니다.
req-00822,25,동아리 소모임,food_street,먹자골목,8,01:54(+1),25시대(1시대),130,split_ok,일부 분리 가능,together_likely,같이 앉기 가능성 높음,83.39,1,큰마당호프,호프,54,22,32,0.5926,18,12,54,7,together_combined,2,true,1,반칸라운지,현재 빈 테이블 기준으로 2개 테이블 결합 배정이 가능합니다.
req-00807,25,소규모 술자리,station,역 앞,2,01:57(+1),25시대(1시대),120,together,붙어 앉기 선호,together_likely,같이 앉기 가능성 높음,88.4,2,조용한룸,이자카야,30,18,12,0.4,10,10,30,3,together_single,1,false,0,,현재 빈 테이블 기준으로 4인 테이블 1개 배정이 가능합니다.
req-00838,26,소규모 술자리,food_street,먹자골목,3,18:00,18시대,119,together,붙어 앉기 선호,together_likely,같이 앉기 가능성 높음,93.6,2,반칸라운지,라운지,40,40,0,0,20,20,40,9,together_single,1,false,0,,현재 빈 테이블 기준으로 4인 테이블 1개 배정이 가능합니다.
req-00836,26,학생회 행사 후 모임,back_gate,후문,9,18:03,18시대,116,any,같은 매장이면 괜찮음,together_likely,같이 앉기 가능성 높음,85.3,3,후문마당,고깃집,36,36,0,0,12,12,36,8,together_combined,2,false,0,,현재 빈 테이블 기준으로 2개 테이블 결합 배정이 가능합니다.
req-00854,26,동아리 소모임,station,역 앞,6,18:06,18시대,97,together,붙어 앉기 선호,together_likely,같이 앉기 가능성 높음,86.5,1,조용한룸,이자카야,30,20,10,0.3333,10,8,30,6,together_combined,2,false,0,,현재 빈 테이블 기준으로 2개 테이블 결합 배정이 가능합니다.
req-00866,26,친구 모임,station,역 앞,3,18:15,18시대,134,any,같은 매장이면 괜찮음,together_likely,같이 앉기 가능성 높음,93.6,2,작은잔,바,18,18,0,0,4,4,18,6,together_single,1,false,0,,현재 빈 테이블 기준으로 4인 테이블 1개 배정이 가능합니다.
req-00843,26,조모임 뒤풀이,front_gate,정문,5,19:15,19시대,152,together,붙어 앉기 선호,together_likely,같이 앉기 가능성 높음,90.07,2,강의끝포차,포차,34,24,10,0.2941,8,8,34,7,together_single,1,false,0,,현재 빈 테이블 기준으로 6인 긴 테이블 1개 배정이 가능합니다.
req-00855,26,조모임 뒤풀이,front_gate,정문,5,19:18,19시대,127,together,붙어 앉기 선호,together_likely,같이 앉기 가능성 높음,84.45,2,강의끝포차,포차,34,18,16,0.4706,8,8,34,6,together_combined,2,false,0,,현재 빈 테이블 기준으로 2개 테이블 결합 배정이 가능합니다.
req-00857,26,소규모 술자리,food_street,먹자골목,2,19:53,19시대,88,any,같은 매장이면 괜찮음,inquiry_recommended,문의 권장,46.6,2,반칸라운지,라운지,40,2,38,0.95,20,2,40,1,together_single,1,false,0,,빈자리는 있으나 피크 시간대 점유와 테이블 결합 여유가 작아 문의가 필요합니다.
req-00859,26,조모임 뒤풀이,back_gate,후문,7,20:10,20시대,133,any,같은 매장이면 괜찮음,difficult,현재 조건에서는 어려움,0,0,후문마당,고깃집,36,0,36,1,12,0,36,0,none,0,true,3,후문마당 | 둥근테이블 | 골목분식포차,현재 점유 중인 테이블 때문에 요청 인원에 맞는 빈 테이블 조합이 부족합니다.
req-00845,26,친구 모임,campus_nearby,캠퍼스 주변,6,20:15,20시대,97,split_ok,일부 분리 가능,inquiry_recommended,문의 권장,52.9,1,넓은홀식당,식당형 술집,48,14,34,0.7083,18,8,48,4,together_single,1,false,0,,빈자리는 있으나 피크 시간대 점유와 테이블 결합 여유가 작아 문의가 필요합니다.
req-00841,26,친구 모임,campus_nearby,캠퍼스 주변,3,20:33,20시대,96,any,같은 매장이면 괜찮음,together_likely,같이 앉기 가능성 높음,76.6,1,넓은홀식당,식당형 술집,48,8,40,0.8333,18,8,48,3,together_single,1,false,0,,현재 좌석 점유율이 높습니다.
req-00862,26,동아리 소모임,front_gate,정문,5,20:42,20시대,111,split_ok,일부 분리 가능,inquiry_recommended,문의 권장,43.4,1,긴테이블집,한식주점,30,4,26,0.8667,10,4,30,1,together_single,1,true,2,긴테이블집 | 강의끝포차,입장 가능 여부는 매장에 대기/정리 시간을 문의해야 합니다.
req-00839,26,과 행사 뒤풀이,station,역 앞,12,20:47,20시대,155,any,같은 매장이면 괜찮음,split_only,분리 착석 가능,53.5,1,조용한룸,이자카야,30,18,12,0.4,10,10,30,4,split,2,true,1,작은잔,붙어 앉기는 어렵지만 현재 빈 테이블 2개로 분리 착석은 가능합니다.
req-00861,26,조모임 뒤풀이,back_gate,후문,6,20:51,20시대,154,any,같은 매장이면 괜찮음,split_only,분리 착석 가능,57.27,3,골목분식포차,분식포차,14,10,4,0.2857,4,4,14,3,split,2,true,1,둥근테이블,붙어 앉기는 어렵지만 현재 빈 테이블 2개로 분리 착석은 가능합니다.
req-00848,26,동아리 전체 모임,food_street,먹자골목,12,21:23,21시대,148,together,붙어 앉기 선호,inquiry_recommended,문의 권장,41.28,1,큰마당호프,호프,54,26,28,0.5185,18,14,54,6,together_combined,2,true,1,반칸라운지,빈자리는 있으나 피크 시간대 점유와 테이블 결합 여유가 작아 문의가 필요합니다.
req-00840,26,조모임 뒤풀이,back_gate,후문,5,21:31,21시대,118,split_ok,일부 분리 가능,together_likely,같이 앉기 가능성 높음,80.97,2,후문마당,고깃집,36,20,16,0.4444,12,12,36,5,together_combined,2,true,1,골목분식포차,현재 빈 테이블 기준으로 2개 테이블 결합 배정이 가능합니다.
req-00846,26,소규모 술자리,front_gate,정문,3,21:34,21시대,107,any,같은 매장이면 괜찮음,inquiry_recommended,문의 권장,45,2,긴테이블집,한식주점,30,4,26,0.8667,10,4,30,1,together_single,1,false,0,,빈자리는 있으나 피크 시간대 점유와 테이블 결합 여유가 작아 문의가 필요합니다.
req-00868,26,조모임 뒤풀이,station,역 앞,5,21:48,21시대,145,split_ok,일부 분리 가능,split_only,분리 착석 가능,49.83,1,작은잔,바,18,8,10,0.5556,4,4,18,3,split,2,true,1,조용한룸,붙어 앉기는 어렵지만 현재 빈 테이블 2개로 분리 착석은 가능합니다.
req-00853,26,소규모 술자리,front_gate,정문,4,22:05,22시대,131,any,같은 매장이면 괜찮음,together_likely,같이 앉기 가능성 높음,81.64,2,강의끝포차,포차,34,12,22,0.6471,8,6,34,3,together_single,1,false,0,,현재 빈 테이블 기준으로 4인 테이블 1개 배정이 가능합니다.
req-00867,26,학생회 행사 후 모임,campus_nearby,캠퍼스 주변,9,22:08,22시대,168,any,같은 매장이면 괜찮음,split_only,분리 착석 가능,46.5,1,넓은홀식당,식당형 술집,48,12,36,0.75,18,6,48,3,split,2,false,0,,현재 좌석 점유율이 높습니다.
req-00849,26,과 행사 뒤풀이,back_gate,후문,10,22:15,22시대,136,split_ok,일부 분리 가능,split_only,분리 착석 가능,52.2,2,둥근테이블,술집,30,20,10,0.3333,4,4,30,5,split,3,true,1,골목분식포차,붙어 앉기는 어렵지만 현재 빈 테이블 3개로 분리 착석은 가능합니다.
req-00858,26,동아리 소모임,food_street,먹자골목,8,22:44,22시대,95,together,붙어 앉기 선호,inquiry_recommended,문의 권장,35.2,1,반칸라운지,라운지,40,6,34,0.85,20,6,40,2,together_single,1,true,2,반칸라운지 | 큰마당호프,입장 가능 여부는 매장에 대기/정리 시간을 문의해야 합니다.
req-00852,26,조모임 뒤풀이,campus_nearby,캠퍼스 주변,6,22:59,22시대,136,together,붙어 앉기 선호,inquiry_recommended,문의 권장,38.6,1,넓은홀식당,식당형 술집,48,8,40,0.8333,18,6,48,2,together_single,1,false,0,,빈자리는 있으나 피크 시간대 점유와 테이블 결합 여유가 작아 문의가 필요합니다.
req-00865,26,조모임 뒤풀이,campus_nearby,캠퍼스 주변,7,23:27,23시대,139,split_ok,일부 분리 가능,inquiry_recommended,문의 권장,48.2,1,넓은홀식당,식당형 술집,48,14,34,0.7083,18,12,48,4,together_combined,2,false,0,,빈자리는 있으나 피크 시간대 점유와 테이블 결합 여유가 작아 문의가 필요합니다.
req-00844,26,친구 모임,campus_nearby,캠퍼스 주변,4,23:34,23시대,86,any,같은 매장이면 괜찮음,together_likely,같이 앉기 가능성 높음,82.5,1,넓은홀식당,식당형 술집,48,14,34,0.7083,18,12,48,4,together_single,1,false,0,,현재 빈 테이블 기준으로 4인 테이블 1개 배정이 가능합니다.
req-00860,26,소규모 술자리,back_gate,후문,3,23:36,23시대,128,together,붙어 앉기 선호,together_likely,같이 앉기 가능성 높음,77.8,3,둥근테이블,술집,30,8,22,0.7333,4,4,30,3,together_single,1,false,0,,현재 빈 테이블 기준으로 4인 테이블 1개 배정이 가능합니다.
req-00856,26,과 행사 뒤풀이,front_gate,정문,11,23:37,23시대,122,any,같은 매장이면 괜찮음,difficult,현재 조건에서는 어려움,0,0,긴테이블집,한식주점,30,10,20,0.6667,10,6,30,2,none,0,true,2,긴테이블집 | 강의끝포차,현재 점유 중인 테이블 때문에 요청 인원에 맞는 빈 테이블 조합이 부족합니다.
req-00837,26,과 행사 뒤풀이,food_street,먹자골목,13,23:40,23시대,144,together,붙어 앉기 선호,inquiry_recommended,문의 권장,19.8,2,반칸라운지,라운지,40,6,34,0.85,20,6,40,1,split,3,true,2,반칸라운지 | 큰마당호프,입장 가능 여부는 매장에 대기/정리 시간을 문의해야 합니다.
req-00851,26,동아리 소모임,front_gate,정문,7,23:48,23시대,148,split_ok,일부 분리 가능,difficult,현재 조건에서는 어려움,0,0,긴테이블집,한식주점,30,4,26,0.8667,10,4,30,1,none,0,true,2,긴테이블집 | 강의끝포차,현재 점유 중인 테이블 때문에 요청 인원에 맞는 빈 테이블 조합이 부족합니다.
req-00850,26,과 행사 뒤풀이,campus_nearby,캠퍼스 주변,11,23:55,23시대,141,together,붙어 앉기 선호,difficult,현재 조건에서는 어려움,0,0,넓은홀식당,식당형 술집,48,8,40,0.8333,18,8,48,2,none,0,true,1,넓은홀식당,현재 점유 중인 테이블 때문에 요청 인원에 맞는 빈 테이블 조합이 부족합니다.
req-00864,26,친구 모임,back_gate,후문,4,00:45(+1),24시대(0시대),115,split_ok,일부 분리 가능,together_likely,같이 앉기 가능성 높음,88.4,3,둥근테이블,술집,30,16,14,0.4667,4,4,30,5,together_single,1,true,1,골목분식포차,현재 빈 테이블 기준으로 4인 테이블 1개 배정이 가능합니다.
req-00847,26,동아리 소모임,food_street,먹자골목,7,01:12(+1),25시대(1시대),152,split_ok,일부 분리 가능,together_likely,같이 앉기 가능성 높음,86.5,2,반칸라운지,라운지,40,28,12,0.3,20,12,40,7,together_combined,2,false,0,,현재 빈 테이블 기준으로 2개 테이블 결합 배정이 가능합니다.
req-00863,26,친구 모임,food_street,먹자골목,4,01:38(+1),25시대(1시대),134,any,같은 매장이면 괜찮음,together_likely,같이 앉기 가능성 높음,88,2,반칸라운지,라운지,40,20,20,0.5,20,12,40,5,together_single,1,false,0,,현재 빈 테이블 기준으로 4인 테이블 1개 배정이 가능합니다.
req-00842,26,소규모 술자리,front_gate,정문,3,01:39(+1),25시대(1시대),129,together,붙어 앉기 선호,together_likely,같이 앉기 가능성 높음,89.6,2,긴테이블집,한식주점,30,20,10,0.3333,10,6,30,4,together_single,1,false,0,,현재 빈 테이블 기준으로 4인 테이블 1개 배정이 가능합니다.
req-00896,27,동아리 소모임,back_gate,후문,6,18:09,18시대,123,any,같은 매장이면 괜찮음,together_likely,같이 앉기 가능성 높음,84.37,3,후문마당,고깃집,36,20,16,0.4444,12,12,36,5,together_combined,2,false,0,,현재 빈 테이블 기준으로 2개 테이블 결합 배정이 가능합니다.
req-00884,27,소규모 술자리,front_gate,정문,3,18:14,18시대,130,split_ok,일부 분리 가능,together_likely,같이 앉기 가능성 높음,93.6,2,긴테이블집,한식주점,30,30,0,0,10,10,30,5,together_single,1,false,0,,현재 빈 테이블 기준으로 4인 테이블 1개 배정이 가능합니다.
req-00899,27,소규모 술자리,campus_nearby,캠퍼스 주변,2,18:25,18시대,119,split_ok,일부 분리 가능,together_likely,같이 앉기 가능성 높음,93,1,넓은홀식당,식당형 술집,48,44,4,0.0833,18,18,48,10,together_single,1,false,0,,현재 빈 테이블 기준으로 2인 테이블 1개 배정이 가능합니다.
req-00889,27,소규모 술자리,food_street,먹자골목,4,18:27,18시대,90,any,같은 매장이면 괜찮음,together_likely,같이 앉기 가능성 높음,90.89,2,큰마당호프,호프,54,40,14,0.2593,18,18,54,10,together_single,1,false,0,,현재 빈 테이블 기준으로 4인 테이블 1개 배정이 가능합니다.
req-00871,27,조모임 뒤풀이,back_gate,후문,5,18:28,18시대,94,split_ok,일부 분리 가능,together_likely,같이 앉기 가능성 높음,78.9,3,후문마당,고깃집,36,12,24,0.6667,12,12,36,3,together_combined,2,false,0,,현재 빈 테이블 기준으로 2개 테이블 결합 배정이 가능합니다.
req-00892,27,조모임 뒤풀이,front_gate,정문,6,18:35,18시대,147,together,붙어 앉기 선호,together_likely,같이 앉기 가능성 높음,90.8,2,긴테이블집,한식주점,30,22,8,0.2667,10,10,30,3,together_single,1,false,0,,현재 빈 테이블 기준으로 6인 긴 테이블 1개 배정이 가능합니다.
req-00900,27,조모임 뒤풀이,station,역 앞,5,19:20,19시대,110,any,같은 매장이면 괜찮음,split_only,분리 착석 가능,68.1,1,작은잔,바,18,18,0,0,4,4,18,6,split,2,true,1,조용한룸,붙어 앉기는 어렵지만 현재 빈 테이블 2개로 분리 착석은 가능합니다.
req-00870,27,소규모 술자리,food_street,먹자골목,4,19:29,19시대,131,together,붙어 앉기 선호,together_likely,같이 앉기 가능성 높음,86.44,1,큰마당호프,호프,54,20,34,0.6296,18,12,54,6,together_single,1,true,1,반칸라운지,현재 빈 테이블 기준으로 4인 테이블 1개 배정이 가능합니다.
req-00898,27,동아리 전체 모임,station,역 앞,9,19:29,19시대,176,split_ok,일부 분리 가능,split_only,분리 착석 가능,47.07,1,작은잔,바,18,10,8,0.4444,4,4,18,3,split,3,true,1,조용한룸,붙어 앉기는 어렵지만 현재 빈 테이블 3개로 분리 착석은 가능합니다.
req-00878,27,소규모 술자리,front_gate,정문,2,19:36,19시대,126,split_ok,일부 분리 가능,inquiry_recommended,문의 권장,43.6,1,긴테이블집,한식주점,30,0,30,1,10,0,30,0,together_single,1,true,2,긴테이블집 | 강의끝포차,입장 가능 여부는 매장에 대기/정리 시간을 문의해야 합니다.
req-00879,27,과 행사 뒤풀이,back_gate,후문,13,19:36,19시대,162,together,붙어 앉기 선호,difficult,현재 조건에서는 어려움,0,0,후문마당,고깃집,36,4,32,0.8889,12,4,36,1,none,0,true,3,후문마당 | 둥근테이블 | 골목분식포차,붙어 앉기 선호 요청이지만 이 매장의 최대 붙여 앉기 가능 인원은 12명입니다.
req-00888,27,친구 모임,back_gate,후문,3,19:48,19시대,106,any,같은 매장이면 괜찮음,split_only,분리 착석 가능,55.64,3,골목분식포차,분식포차,14,6,8,0.5714,4,2,14,3,split,2,false,0,,붙어 앉기는 어렵지만 현재 빈 테이블 2개로 분리 착석은 가능합니다.
req-00891,27,조모임 뒤풀이,back_gate,후문,6,20:16,20시대,138,split_ok,일부 분리 가능,inquiry_recommended,문의 권장,36.01,1,골목분식포차,분식포차,14,2,12,0.8571,4,2,14,1,split,2,true,3,골목분식포차 | 후문마당 | 둥근테이블,입장 가능 여부는 매장에 대기/정리 시간을 문의해야 합니다.
req-00876,27,조모임 뒤풀이,front_gate,정문,5,20:28,20시대,119,split_ok,일부 분리 가능,inquiry_recommended,문의 권장,39.71,1,강의끝포차,포차,34,4,30,0.8824,8,4,34,1,together_combined,2,true,2,강의끝포차 | 긴테이블집,입장 가능 여부는 매장에 대기/정리 시간을 문의해야 합니다.
req-00894,27,동아리 소모임,campus_nearby,캠퍼스 주변,6,20:31,20시대,126,together,붙어 앉기 선호,inquiry_recommended,문의 권장,42.8,1,넓은홀식당,식당형 술집,48,12,36,0.75,18,6,48,3,together_single,1,false,0,,빈자리는 있으나 피크 시간대 점유와 테이블 결합 여유가 작아 문의가 필요합니다.
req-00887,27,친구 모임,food_street,먹자골목,3,21:10,21시대,83,split_ok,일부 분리 가능,together_likely,같이 앉기 가능성 높음,84.6,2,반칸라운지,라운지,40,20,20,0.5,20,12,40,6,together_single,1,false,0,,현재 빈 테이블 기준으로 4인 테이블 1개 배정이 가능합니다.
req-00869,27,과 행사 뒤풀이,back_gate,후문,12,21:31,21시대,161,together,붙어 앉기 선호,difficult,현재 조건에서는 어려움,0,0,후문마당,고깃집,36,0,36,1,12,0,36,0,none,0,true,3,후문마당 | 둥근테이블 | 골목분식포차,현재 점유 중인 테이블 때문에 요청 인원에 맞는 빈 테이블 조합이 부족합니다.
req-00873,27,동아리 전체 모임,back_gate,후문,10,21:38,21시대,116,together,붙어 앉기 선호,difficult,현재 조건에서는 어려움,0,0,후문마당,고깃집,36,0,36,1,12,0,36,0,none,0,true,3,후문마당 | 둥근테이블 | 골목분식포차,현재 점유 중인 테이블 때문에 요청 인원에 맞는 빈 테이블 조합이 부족합니다.
req-00890,27,친구 모임,food_street,먹자골목,4,22:00,22시대,134,split_ok,일부 분리 가능,together_likely,같이 앉기 가능성 높음,87.44,2,큰마당호프,호프,54,38,16,0.2963,18,16,54,11,together_single,1,false,0,,현재 빈 테이블 기준으로 4인 테이블 1개 배정이 가능합니다.
req-00897,27,조모임 뒤풀이,food_street,먹자골목,8,22:25,22시대,116,split_ok,일부 분리 가능,inquiry_recommended,문의 권장,48.5,2,반칸라운지,라운지,40,14,26,0.65,20,12,40,4,together_combined,2,false,0,,빈자리는 있으나 피크 시간대 점유와 테이블 결합 여유가 작아 문의가 필요합니다.
req-00885,27,소규모 술자리,station,역 앞,4,22:34,22시대,127,together,붙어 앉기 선호,together_likely,같이 앉기 가능성 높음,91,2,작은잔,바,18,18,0,0,4,4,18,6,together_single,1,false,0,,현재 빈 테이블 기준으로 4인 테이블 1개 배정이 가능합니다.
req-00875,27,친구 모임,food_street,먹자골목,2,22:35,22시대,104,split_ok,일부 분리 가능,together_likely,같이 앉기 가능성 높음,80.4,2,반칸라운지,라운지,40,10,30,0.75,20,10,40,3,together_single,1,false,0,,현재 좌석 점유율이 높습니다.
req-00883,27,친구 모임,campus_nearby,캠퍼스 주변,7,23:13,23시대,135,together,붙어 앉기 선호,together_likely,같이 앉기 가능성 높음,81.1,1,넓은홀식당,식당형 술집,48,24,24,0.5,18,12,48,5,together_combined,2,false,0,,현재 빈 테이블 기준으로 2개 테이블 결합 배정이 가능합니다.
req-00895,27,동아리 전체 모임,back_gate,후문,11,23:16,23시대,141,any,같은 매장이면 괜찮음,inquiry_recommended,문의 권장,34.8,1,둥근테이블,술집,30,10,20,0.6667,4,4,30,3,split,3,true,3,둥근테이블 | 후문마당 | 골목분식포차,입장 가능 여부는 매장에 대기/정리 시간을 문의해야 합니다.
req-00893,27,소규모 술자리,food_street,먹자골목,3,23:18,23시대,121,together,붙어 앉기 선호,inquiry_recommended,문의 권장,32.79,1,큰마당호프,호프,54,4,50,0.9259,18,4,54,2,together_combined,2,true,1,반칸라운지,빈자리는 있으나 피크 시간대 점유와 테이블 결합 여유가 작아 문의가 필요합니다.
req-00882,27,소규모 술자리,station,역 앞,3,23:20,23시대,91,together,붙어 앉기 선호,inquiry_recommended,문의 권장,37,1,조용한룸,이자카야,30,4,26,0.8667,10,4,30,1,together_single,1,true,1,작은잔,빈자리는 있으나 피크 시간대 점유와 테이블 결합 여유가 작아 문의가 필요합니다.
req-00881,27,동아리 소모임,back_gate,후문,5,23:48,23시대,101,split_ok,일부 분리 가능,split_only,분리 착석 가능,59.7,3,둥근테이블,술집,30,24,6,0.2,4,4,30,7,split,2,false,0,,붙어 앉기는 어렵지만 현재 빈 테이블 2개로 분리 착석은 가능합니다.
req-00886,27,과 행사 뒤풀이,campus_nearby,캠퍼스 주변,9,23:51,23시대,129,any,같은 매장이면 괜찮음,inquiry_recommended,문의 권장,48.3,1,넓은홀식당,식당형 술집,48,24,24,0.5,18,12,48,5,together_combined,2,false,0,,빈자리는 있으나 피크 시간대 점유와 테이블 결합 여유가 작아 문의가 필요합니다.
req-00874,27,과 행사 뒤풀이,food_street,먹자골목,9,00:02(+1),24시대(0시대),139,any,같은 매장이면 괜찮음,inquiry_recommended,문의 권장,31.6,1,반칸라운지,라운지,40,2,38,0.95,20,2,40,1,together_combined,3,true,2,반칸라운지 | 큰마당호프,입장 가능 여부는 매장에 대기/정리 시간을 문의해야 합니다.
req-00877,27,조모임 뒤풀이,station,역 앞,7,00:19(+1),24시대(0시대),102,any,같은 매장이면 괜찮음,inquiry_recommended,문의 권장,46.1,2,조용한룸,이자카야,30,8,22,0.7333,10,8,30,2,together_combined,2,true,1,작은잔,빈자리는 있으나 피크 시간대 점유와 테이블 결합 여유가 작아 문의가 필요합니다.
req-00872,27,동아리 소모임,back_gate,후문,8,00:44(+1),24시대(0시대),101,any,같은 매장이면 괜찮음,split_only,분리 착석 가능,65.3,2,골목분식포차,분식포차,14,14,0,0,4,4,14,5,split,2,true,1,후문마당,붙어 앉기는 어렵지만 현재 빈 테이블 2개로 분리 착석은 가능합니다.
req-00901,27,MT 뒤풀이,back_gate,후문,10,01:50(+1),25시대(1시대),168,split_ok,일부 분리 가능,difficult,현재 조건에서는 어려움,0,0,후문마당,고깃집,36,0,36,1,12,0,36,0,none,0,true,3,후문마당 | 둥근테이블 | 골목분식포차,현재 점유 중인 테이블 때문에 요청 인원에 맞는 빈 테이블 조합이 부족합니다.
req-00880,27,친구 모임,back_gate,후문,7,01:55(+1),25시대(1시대),134,any,같은 매장이면 괜찮음,inquiry_recommended,문의 권장,36.5,1,후문마당,고깃집,36,0,36,1,12,0,36,0,together_combined,2,true,3,후문마당 | 둥근테이블 | 골목분식포차,입장 가능 여부는 매장에 대기/정리 시간을 문의해야 합니다.
req-00902,28,친구 모임,food_street,먹자골목,3,18:04,18시대,104,split_ok,일부 분리 가능,together_likely,같이 앉기 가능성 높음,93,2,반칸라운지,라운지,40,38,2,0.05,20,20,40,8,together_single,1,false,0,,현재 빈 테이블 기준으로 4인 테이블 1개 배정이 가능합니다.
req-00923,28,친구 모임,back_gate,후문,2,18:05,18시대,84,together,붙어 앉기 선호,together_likely,같이 앉기 가능성 높음,94,3,둥근테이블,술집,30,30,0,0,4,4,30,9,together_single,1,false,0,,현재 빈 테이블 기준으로 2인 테이블 1개 배정이 가능합니다.
req-00926,28,친구 모임,food_street,먹자골목,2,18:22,18시대,90,any,같은 매장이면 괜찮음,together_likely,같이 앉기 가능성 높음,92.2,2,반칸라운지,라운지,40,34,6,0.15,20,20,40,7,together_single,1,false,0,,현재 빈 테이블 기준으로 2인 테이블 1개 배정이 가능합니다.
req-00934,28,동아리 소모임,front_gate,정문,7,18:24,18시대,135,any,같은 매장이면 괜찮음,together_likely,같이 앉기 가능성 높음,92.8,2,긴테이블집,한식주점,30,30,0,0,10,10,30,5,together_single,1,false,0,,현재 빈 테이블 기준으로 10인 긴 테이블 1개 배정이 가능합니다.
req-00925,28,친구 모임,station,역 앞,3,18:51,18시대,99,split_ok,일부 분리 가능,together_likely,같이 앉기 가능성 높음,93.6,2,조용한룸,이자카야,30,30,0,0,10,10,30,7,together_single,1,false,0,,현재 빈 테이블 기준으로 4인 테이블 1개 배정이 가능합니다.
req-00917,28,소규모 술자리,front_gate,정문,4,18:55,18시대,108,together,붙어 앉기 선호,together_likely,같이 앉기 가능성 높음,82.8,2,긴테이블집,한식주점,30,10,20,0.6667,10,6,30,2,together_single,1,false,0,,현재 빈 테이블 기준으로 4인 테이블 1개 배정이 가능합니다.
req-00932,28,학생회 행사 후 모임,station,역 앞,10,19:50,19시대,143,together,붙어 앉기 선호,difficult,현재 조건에서는 어려움,0,0,조용한룸,이자카야,30,2,28,0.9333,10,2,30,1,none,0,true,1,조용한룸,현재 점유 중인 테이블 때문에 요청 인원에 맞는 빈 테이블 조합이 부족합니다.
req-00922,28,소규모 술자리,back_gate,후문,4,20:31,20시대,88,any,같은 매장이면 괜찮음,together_likely,같이 앉기 가능성 높음,88.6,3,둥근테이블,술집,30,24,6,0.2,4,4,30,7,together_single,1,false,0,,현재 빈 테이블 기준으로 4인 테이블 1개 배정이 가능합니다.
req-00912,28,소규모 술자리,back_gate,후문,2,20:36,20시대,133,together,붙어 앉기 선호,together_likely,같이 앉기 가능성 높음,88.6,3,둥근테이블,술집,30,24,6,0.2,4,4,30,7,together_single,1,false,0,,현재 빈 테이블 기준으로 2인 테이블 1개 배정이 가능합니다.
req-00929,28,동아리 전체 모임,food_street,먹자골목,9,20:44,20시대,137,any,같은 매장이면 괜찮음,inquiry_recommended,문의 권장,30.49,1,큰마당호프,호프,54,4,50,0.9259,18,4,54,2,together_combined,3,true,2,큰마당호프 | 반칸라운지,입장 가능 여부는 매장에 대기/정리 시간을 문의해야 합니다.
req-00931,28,조모임 뒤풀이,back_gate,후문,5,21:03,21시대,136,split_ok,일부 분리 가능,split_only,분리 착석 가능,60.5,2,둥근테이블,술집,30,26,4,0.1333,4,4,30,7,split,2,true,1,골목분식포차,붙어 앉기는 어렵지만 현재 빈 테이블 2개로 분리 착석은 가능합니다.
req-00918,28,조모임 뒤풀이,back_gate,후문,8,21:14,21시대,101,split_ok,일부 분리 가능,split_only,분리 착석 가능,60.9,2,둥근테이블,술집,30,26,4,0.1333,4,4,30,7,split,2,true,1,골목분식포차,붙어 앉기는 어렵지만 현재 빈 테이블 2개로 분리 착석은 가능합니다.
req-00928,28,친구 모임,food_street,먹자골목,3,21:29,21시대,119,split_ok,일부 분리 가능,together_likely,같이 앉기 가능성 높음,85.27,2,큰마당호프,호프,54,30,24,0.4444,18,14,54,8,together_single,1,false,0,,현재 빈 테이블 기준으로 4인 테이블 1개 배정이 가능합니다.
req-00911,28,학생회 행사 후 모임,back_gate,후문,9,21:38,21시대,132,split_ok,일부 분리 가능,difficult,현재 조건에서는 어려움,0,0,후문마당,고깃집,36,8,28,0.7778,12,8,36,2,none,0,true,3,후문마당 | 둥근테이블 | 골목분식포차,현재 점유 중인 테이블 때문에 요청 인원에 맞는 빈 테이블 조합이 부족합니다.
req-00924,28,조모임 뒤풀이,station,역 앞,5,21:39,21시대,92,any,같은 매장이면 괜찮음,split_only,분리 착석 가능,48.4,2,작은잔,바,18,6,12,0.6667,4,2,18,3,split,3,true,1,조용한룸,붙어 앉기는 어렵지만 현재 빈 테이블 3개로 분리 착석은 가능합니다.
req-00906,28,조모임 뒤풀이,back_gate,후문,8,21:59,21시대,115,together,붙어 앉기 선호,inquiry_recommended,문의 권장,34.17,1,후문마당,고깃집,36,8,28,0.7778,12,8,36,2,together_combined,2,true,2,둥근테이블 | 골목분식포차,빈자리는 있으나 피크 시간대 점유와 테이블 결합 여유가 작아 문의가 필요합니다.
req-00921,28,MT 뒤풀이,campus_nearby,캠퍼스 주변,10,22:12,22시대,156,any,같은 매장이면 괜찮음,inquiry_recommended,문의 권장,49.5,1,넓은홀식당,식당형 술집,48,30,18,0.375,18,18,48,7,together_combined,3,false,0,,빈자리는 있으나 피크 시간대 점유와 테이블 결합 여유가 작아 문의가 필요합니다.
req-00909,28,조모임 뒤풀이,station,역 앞,8,22:19,22시대,113,split_ok,일부 분리 가능,split_only,분리 착석 가능,53.7,2,작은잔,바,18,12,6,0.3333,4,4,18,3,split,2,false,0,,붙어 앉기는 어렵지만 현재 빈 테이블 2개로 분리 착석은 가능합니다.
req-00905,28,소규모 술자리,station,역 앞,3,22:29,22시대,92,together,붙어 앉기 선호,together_likely,같이 앉기 가능성 높음,85.8,2,작은잔,바,18,12,6,0.3333,4,4,18,3,together_single,1,false,0,,현재 빈 테이블 기준으로 4인 테이블 1개 배정이 가능합니다.
req-00913,28,소규모 술자리,campus_nearby,캠퍼스 주변,3,22:40,22시대,118,split_ok,일부 분리 가능,together_likely,같이 앉기 가능성 높음,83.6,1,넓은홀식당,식당형 술집,48,20,28,0.5833,18,12,48,5,together_single,1,false,0,,현재 빈 테이블 기준으로 4인 테이블 1개 배정이 가능합니다.
req-00908,28,친구 모임,station,역 앞,2,22:45,22시대,134,split_ok,일부 분리 가능,together_likely,같이 앉기 가능성 높음,76.6,2,조용한룸,이자카야,30,6,24,0.8,10,6,30,2,together_single,1,false,0,,현재 좌석 점유율이 높습니다.
req-00919,28,소규모 술자리,front_gate,정문,2,22:45,22시대,95,split_ok,일부 분리 가능,together_likely,같이 앉기 가능성 높음,78.62,2,강의끝포차,포차,34,8,26,0.7647,8,4,34,4,together_single,1,true,1,긴테이블집,현재 좌석 점유율이 높습니다.
req-00903,28,동아리 전체 모임,campus_nearby,캠퍼스 주변,11,22:54,22시대,147,any,같은 매장이면 괜찮음,inquiry_recommended,문의 권장,36.8,1,넓은홀식당,식당형 술집,48,10,38,0.7917,18,6,48,3,together_combined,2,true,1,넓은홀식당,입장 가능 여부는 매장에 대기/정리 시간을 문의해야 합니다.
req-00907,28,소규모 술자리,front_gate,정문,3,23:26,23시대,102,together,붙어 앉기 선호,inquiry_recommended,문의 권장,37,1,긴테이블집,한식주점,30,4,26,0.8667,10,4,30,1,together_single,1,true,1,강의끝포차,빈자리는 있으나 피크 시간대 점유와 테이블 결합 여유가 작아 문의가 필요합니다.
req-00904,28,소규모 술자리,food_street,먹자골목,4,23:39,23시대,133,any,같은 매장이면 괜찮음,together_likely,같이 앉기 가능성 높음,83.89,2,큰마당호프,호프,54,22,32,0.5926,18,16,54,5,together_single,1,false,0,,현재 빈 테이블 기준으로 4인 테이블 1개 배정이 가능합니다.
req-00915,28,동아리 소모임,front_gate,정문,6,23:41,23시대,154,any,같은 매장이면 괜찮음,inquiry_recommended,문의 권장,43,1,긴테이블집,한식주점,30,4,26,0.8667,10,4,30,1,together_single,1,true,2,긴테이블집 | 강의끝포차,입장 가능 여부는 매장에 대기/정리 시간을 문의해야 합니다.
req-00930,28,동아리 소모임,back_gate,후문,7,23:54,23시대,150,any,같은 매장이면 괜찮음,split_only,분리 착석 가능,61.9,3,둥근테이블,술집,30,22,8,0.2667,4,4,30,6,split,2,true,1,후문마당,붙어 앉기는 어렵지만 현재 빈 테이블 2개로 분리 착석은 가능합니다.
req-00920,28,소규모 술자리,station,역 앞,3,23:55,23시대,113,any,같은 매장이면 괜찮음,together_likely,같이 앉기 가능성 높음,84.2,2,조용한룸,이자카야,30,14,16,0.5333,10,10,30,2,together_single,1,true,1,작은잔,현재 빈 테이블 기준으로 4인 테이블 1개 배정이 가능합니다.
req-00914,28,친구 모임,front_gate,정문,6,00:01(+1),24시대(0시대),91,together,붙어 앉기 선호,inquiry_recommended,문의 권장,38,1,긴테이블집,한식주점,30,4,26,0.8667,10,4,30,1,together_single,1,true,2,긴테이블집 | 강의끝포차,입장 가능 여부는 매장에 대기/정리 시간을 문의해야 합니다.
req-00916,28,조모임 뒤풀이,front_gate,정문,8,00:03(+1),24시대(0시대),134,together,붙어 앉기 선호,inquiry_recommended,문의 권장,30.1,1,긴테이블집,한식주점,30,4,26,0.8667,10,4,30,1,split,2,true,2,긴테이블집 | 강의끝포차,입장 가능 여부는 매장에 대기/정리 시간을 문의해야 합니다.
req-00927,28,동아리 소모임,back_gate,후문,6,00:50(+1),24시대(0시대),136,together,붙어 앉기 선호,together_likely,같이 앉기 가능성 높음,78.5,1,후문마당,고깃집,36,12,24,0.6667,12,12,36,3,together_combined,2,true,1,둥근테이블,현재 빈 테이블 기준으로 2개 테이블 결합 배정이 가능합니다.
req-00933,28,과 행사 뒤풀이,food_street,먹자골목,13,01:01(+1),25시대(1시대),116,split_ok,일부 분리 가능,split_only,분리 착석 가능,46,1,반칸라운지,라운지,40,16,24,0.6,20,8,40,3,split,3,true,2,반칸라운지 | 큰마당호프,붙어 앉기는 어렵지만 현재 빈 테이블 3개로 분리 착석은 가능합니다.
req-00910,28,동아리 전체 모임,back_gate,후문,10,01:18(+1),25시대(1시대),127,together,붙어 앉기 선호,difficult,현재 조건에서는 어려움,0,0,후문마당,고깃집,36,4,32,0.8889,12,4,36,1,none,0,true,2,후문마당 | 둥근테이블,현재 점유 중인 테이블 때문에 요청 인원에 맞는 빈 테이블 조합이 부족합니다.
req-00952,29,소규모 술자리,back_gate,후문,2,18:15,18시대,131,together,붙어 앉기 선호,together_likely,같이 앉기 가능성 높음,94,3,둥근테이블,술집,30,30,0,0,4,4,30,9,together_single,1,false,0,,현재 빈 테이블 기준으로 2인 테이블 1개 배정이 가능합니다.
req-00961,29,학생회 행사 후 모임,campus_nearby,캠퍼스 주변,12,18:19,18시대,177,any,같은 매장이면 괜찮음,together_likely,같이 앉기 가능성 높음,86.5,1,넓은홀식당,식당형 술집,48,48,0,0,18,18,48,11,together_combined,2,false,0,,현재 빈 테이블 기준으로 2개 테이블 결합 배정이 가능합니다.
req-00936,29,소규모 술자리,food_street,먹자골목,4,18:21,18시대,102,together,붙어 앉기 선호,together_likely,같이 앉기 가능성 높음,91.33,2,큰마당호프,호프,54,42,12,0.2222,18,16,54,12,together_single,1,false,0,,현재 빈 테이블 기준으로 4인 테이블 1개 배정이 가능합니다.
req-00947,29,친구 모임,back_gate,후문,3,18:26,18시대,121,split_ok,일부 분리 가능,together_likely,같이 앉기 가능성 높음,93.6,3,골목분식포차,분식포차,14,14,0,0,4,4,14,5,together_single,1,false,0,,현재 빈 테이블 기준으로 4인 테이블 1개 배정이 가능합니다.
req-00951,29,친구 모임,food_street,먹자골목,2,18:55,18시대,118,split_ok,일부 분리 가능,together_likely,같이 앉기 가능성 높음,90.4,2,반칸라운지,라운지,40,28,12,0.3,20,12,40,7,together_single,1,false,0,,현재 빈 테이블 기준으로 2인 테이블 1개 배정이 가능합니다.
req-00939,29,조모임 뒤풀이,front_gate,정문,7,19:13,19시대,115,any,같은 매장이면 괜찮음,together_likely,같이 앉기 가능성 높음,80.64,2,강의끝포차,포차,34,14,20,0.5882,8,8,34,5,together_combined,2,false,0,,현재 빈 테이블 기준으로 2개 테이블 결합 배정이 가능합니다.
req-00962,29,소규모 술자리,food_street,먹자골목,3,19:49,19시대,105,split_ok,일부 분리 가능,together_likely,같이 앉기 가능성 높음,88.27,2,큰마당호프,호프,54,30,24,0.4444,18,16,54,9,together_single,1,false,0,,현재 빈 테이블 기준으로 4인 테이블 1개 배정이 가능합니다.
req-00943,29,친구 모임,food_street,먹자골목,3,19:55,19시대,95,together,붙어 앉기 선호,together_likely,같이 앉기 가능성 높음,87.38,2,큰마당호프,호프,54,26,28,0.5185,18,14,54,8,together_single,1,false,0,,현재 빈 테이블 기준으로 4인 테이블 1개 배정이 가능합니다.
req-00967,29,과 행사 뒤풀이,campus_nearby,캠퍼스 주변,9,20:09,20시대,130,together,붙어 앉기 선호,difficult,현재 조건에서는 어려움,0,0,넓은홀식당,식당형 술집,48,4,44,0.9167,18,4,48,1,none,0,true,1,넓은홀식당,현재 점유 중인 테이블 때문에 요청 인원에 맞는 빈 테이블 조합이 부족합니다.
req-00949,29,친구 모임,food_street,먹자골목,2,20:17,20시대,127,together,붙어 앉기 선호,together_likely,같이 앉기 가능성 높음,79.62,2,큰마당호프,호프,54,10,44,0.8148,18,10,54,4,together_single,1,false,0,,현재 좌석 점유율이 높습니다.
req-00964,29,과 행사 뒤풀이,front_gate,정문,11,20:34,20시대,139,split_ok,일부 분리 가능,split_only,분리 착석 가능,46.25,2,강의끝포차,포차,34,16,18,0.5294,8,8,34,4,split,3,true,1,긴테이블집,붙어 앉기는 어렵지만 현재 빈 테이블 3개로 분리 착석은 가능합니다.
req-00946,29,MT 뒤풀이,back_gate,후문,14,20:42,20시대,112,together,붙어 앉기 선호,difficult,현재 조건에서는 어려움,0,0,후문마당,고깃집,36,8,28,0.7778,12,8,36,2,none,0,true,3,후문마당 | 둥근테이블 | 골목분식포차,붙어 앉기 선호 요청이지만 이 매장의 최대 붙여 앉기 가능 인원은 12명입니다.
req-00954,29,동아리 전체 모임,back_gate,후문,12,20:55,20시대,114,any,같은 매장이면 괜찮음,split_only,분리 착석 가능,49.6,2,둥근테이블,술집,30,16,14,0.4667,4,4,30,5,split,3,true,2,후문마당 | 골목분식포차,붙어 앉기는 어렵지만 현재 빈 테이블 3개로 분리 착석은 가능합니다.
req-00953,29,조모임 뒤풀이,station,역 앞,6,20:59,20시대,131,any,같은 매장이면 괜찮음,together_likely,같이 앉기 가능성 높음,83.8,2,조용한룸,이자카야,30,16,14,0.4667,10,10,30,3,together_single,1,true,1,작은잔,현재 빈 테이블 기준으로 룸 테이블 1개 배정이 가능합니다.
req-00955,29,동아리 전체 모임,back_gate,후문,9,21:00,21시대,135,split_ok,일부 분리 가능,inquiry_recommended,문의 권장,45.23,1,후문마당,고깃집,36,16,20,0.5556,12,12,36,3,together_combined,2,true,2,둥근테이블 | 골목분식포차,빈자리는 있으나 피크 시간대 점유와 테이블 결합 여유가 작아 문의가 필요합니다.
req-00948,29,동아리 소모임,station,역 앞,8,21:01,21시대,108,any,같은 매장이면 괜찮음,inquiry_recommended,문의 권장,29.6,1,작은잔,바,18,0,18,1,4,0,18,0,split,3,true,2,작은잔 | 조용한룸,입장 가능 여부는 매장에 대기/정리 시간을 문의해야 합니다.
req-00958,29,과 행사 뒤풀이,front_gate,정문,10,21:02,21시대,131,any,같은 매장이면 괜찮음,inquiry_recommended,문의 권장,28.61,1,강의끝포차,포차,34,4,30,0.8824,8,4,34,1,split,3,true,2,강의끝포차 | 긴테이블집,입장 가능 여부는 매장에 대기/정리 시간을 문의해야 합니다.
req-00937,29,친구 모임,food_street,먹자골목,2,21:13,21시대,91,together,붙어 앉기 선호,together_likely,같이 앉기 가능성 높음,84.4,2,반칸라운지,라운지,40,18,22,0.55,20,10,40,4,together_single,1,false,0,,현재 빈 테이블 기준으로 2인 테이블 1개 배정이 가능합니다.
req-00963,29,친구 모임,front_gate,정문,3,21:20,21시대,98,split_ok,일부 분리 가능,inquiry_recommended,문의 권장,43.62,1,강의끝포차,포차,34,6,28,0.8235,8,4,34,3,together_combined,2,true,1,긴테이블집,빈자리는 있으나 피크 시간대 점유와 테이블 결합 여유가 작아 문의가 필요합니다.
req-00957,29,조모임 뒤풀이,back_gate,후문,7,21:51,21시대,116,split_ok,일부 분리 가능,inquiry_recommended,문의 권장,33.5,1,후문마당,고깃집,36,0,36,1,12,0,36,0,together_combined,2,true,3,후문마당 | 둥근테이블 | 골목분식포차,입장 가능 여부는 매장에 대기/정리 시간을 문의해야 합니다.
req-00945,29,조모임 뒤풀이,back_gate,후문,7,22:03,22시대,134,any,같은 매장이면 괜찮음,inquiry_recommended,문의 권장,38.13,2,골목분식포차,분식포차,14,4,10,0.7143,4,4,14,1,split,2,true,3,골목분식포차 | 후문마당 | 둥근테이블,입장 가능 여부는 매장에 대기/정리 시간을 문의해야 합니다.
req-00959,29,동아리 전체 모임,station,역 앞,12,22:09,22시대,159,any,같은 매장이면 괜찮음,inquiry_recommended,문의 권장,32,1,조용한룸,이자카야,30,8,22,0.7333,10,8,30,2,split,3,true,2,조용한룸 | 작은잔,입장 가능 여부는 매장에 대기/정리 시간을 문의해야 합니다.
req-00960,29,조모임 뒤풀이,front_gate,정문,8,22:34,22시대,118,split_ok,일부 분리 가능,inquiry_recommended,문의 권장,43,2,긴테이블집,한식주점,30,6,24,0.8,10,6,30,1,together_single,1,true,2,긴테이블집 | 강의끝포차,입장 가능 여부는 매장에 대기/정리 시간을 문의해야 합니다.
req-00965,29,동아리 소모임,food_street,먹자골목,6,22:46,22시대,138,any,같은 매장이면 괜찮음,together_likely,같이 앉기 가능성 높음,84.78,2,큰마당호프,호프,54,26,28,0.5185,18,12,54,7,together_single,1,false,0,,현재 빈 테이블 기준으로 6인 긴 테이블 1개 배정이 가능합니다.
req-00944,29,조모임 뒤풀이,campus_nearby,캠퍼스 주변,7,23:15,23시대,95,split_ok,일부 분리 가능,inquiry_recommended,문의 권장,50.3,1,넓은홀식당,식당형 술집,48,16,32,0.6667,18,12,48,5,together_combined,2,false,0,,빈자리는 있으나 피크 시간대 점유와 테이블 결합 여유가 작아 문의가 필요합니다.
req-00942,29,친구 모임,station,역 앞,5,23:27,23시대,116,together,붙어 앉기 선호,inquiry_recommended,문의 권장,41,1,조용한룸,이자카야,30,10,20,0.6667,10,10,30,1,together_single,1,true,1,작은잔,빈자리는 있으나 피크 시간대 점유와 테이블 결합 여유가 작아 문의가 필요합니다.
req-00950,29,동아리 소모임,station,역 앞,5,23:31,23시대,142,any,같은 매장이면 괜찮음,inquiry_recommended,문의 권장,49,2,조용한룸,이자카야,30,10,20,0.6667,10,10,30,1,together_single,1,true,1,작은잔,빈자리는 있으나 피크 시간대 점유와 테이블 결합 여유가 작아 문의가 필요합니다.
req-00935,29,친구 모임,campus_nearby,캠퍼스 주변,4,23:57,23시대,80,any,같은 매장이면 괜찮음,together_likely,같이 앉기 가능성 높음,82.5,1,넓은홀식당,식당형 술집,48,14,34,0.7083,18,12,48,4,together_single,1,false,0,,현재 빈 테이블 기준으로 4인 테이블 1개 배정이 가능합니다.
req-00966,29,과 행사 뒤풀이,station,역 앞,12,00:49(+1),24시대(0시대),122,split_ok,일부 분리 가능,split_only,분리 착석 가능,49.6,1,조용한룸,이자카야,30,16,14,0.4667,10,8,30,5,split,3,true,1,작은잔,붙어 앉기는 어렵지만 현재 빈 테이블 3개로 분리 착석은 가능합니다.
req-00938,29,친구 모임,campus_nearby,캠퍼스 주변,5,01:19(+1),25시대(1시대),126,together,붙어 앉기 선호,difficult,현재 조건에서는 어려움,0,0,넓은홀식당,식당형 술집,48,4,44,0.9167,18,4,48,1,none,0,true,1,넓은홀식당,현재 점유 중인 테이블 때문에 요청 인원에 맞는 빈 테이블 조합이 부족합니다.
req-00956,29,소규모 술자리,front_gate,정문,2,01:37(+1),25시대(1시대),107,split_ok,일부 분리 가능,together_likely,같이 앉기 가능성 높음,86.8,2,긴테이블집,한식주점,30,16,14,0.4667,10,10,30,2,together_single,1,false,0,,현재 빈 테이블 기준으로 6인 긴 테이블 1개 배정이 가능합니다.
req-00941,29,소규모 술자리,back_gate,후문,4,01:49(+1),25시대(1시대),116,any,같은 매장이면 괜찮음,together_likely,같이 앉기 가능성 높음,91.6,3,둥근테이블,술집,30,24,6,0.2,4,4,30,7,together_single,1,false,0,,현재 빈 테이블 기준으로 4인 테이블 1개 배정이 가능합니다.
req-00940,29,조모임 뒤풀이,back_gate,후문,6,01:59(+1),25시대(1시대),141,split_ok,일부 분리 가능,together_likely,같이 앉기 가능성 높음,84.37,3,후문마당,고깃집,36,20,16,0.4444,12,12,36,5,together_combined,2,false,0,,현재 빈 테이블 기준으로 2개 테이블 결합 배정이 가능합니다.
req-00988,30,소규모 술자리,front_gate,정문,2,18:00,18시대,101,together,붙어 앉기 선호,together_likely,같이 앉기 가능성 높음,94,2,강의끝포차,포차,34,34,0,0,8,8,34,10,together_single,1,false,0,,현재 빈 테이블 기준으로 2인 테이블 1개 배정이 가능합니다.
req-00972,30,소규모 술자리,food_street,먹자골목,3,18:31,18시대,93,together,붙어 앉기 선호,together_likely,같이 앉기 가능성 높음,93,2,반칸라운지,라운지,40,38,2,0.05,20,20,40,8,together_single,1,false,0,,현재 빈 테이블 기준으로 4인 테이블 1개 배정이 가능합니다.
req-00983,30,친구 모임,food_street,먹자골목,3,18:36,18시대,133,split_ok,일부 분리 가능,together_likely,같이 앉기 가능성 높음,91.8,2,반칸라운지,라운지,40,34,6,0.15,20,20,40,7,together_single,1,false,0,,현재 빈 테이블 기준으로 4인 테이블 1개 배정이 가능합니다.
req-00994,30,친구 모임,front_gate,정문,3,18:58,18시대,122,any,같은 매장이면 괜찮음,inquiry_recommended,문의 권장,48,1,긴테이블집,한식주점,30,4,26,0.8667,10,4,30,1,together_single,1,true,1,강의끝포차,빈자리는 있으나 피크 시간대 점유와 테이블 결합 여유가 작아 문의가 필요합니다.
req-00974,30,조모임 뒤풀이,back_gate,후문,7,19:02,19시대,147,any,같은 매장이면 괜찮음,split_only,분리 착석 가능,50.6,1,둥근테이블,술집,30,8,22,0.7333,4,4,30,3,split,3,true,2,후문마당 | 골목분식포차,붙어 앉기는 어렵지만 현재 빈 테이블 3개로 분리 착석은 가능합니다.
req-00990,30,조모임 뒤풀이,campus_nearby,캠퍼스 주변,8,19:23,19시대,155,any,같은 매장이면 괜찮음,together_likely,같이 앉기 가능성 높음,89,1,넓은홀식당,식당형 술집,48,42,6,0.125,18,18,48,9,together_combined,2,false,0,,현재 빈 테이블 기준으로 2개 테이블 결합 배정이 가능합니다.
req-00987,30,친구 모임,front_gate,정문,6,19:40,19시대,125,any,같은 매장이면 괜찮음,inquiry_recommended,문의 권장,41.2,1,긴테이블집,한식주점,30,0,30,1,10,0,30,0,together_single,1,true,2,긴테이블집 | 강의끝포차,입장 가능 여부는 매장에 대기/정리 시간을 문의해야 합니다.
req-00998,30,조모임 뒤풀이,front_gate,정문,7,19:42,19시대,149,together,붙어 앉기 선호,difficult,현재 조건에서는 어려움,0,0,긴테이블집,한식주점,30,0,30,1,10,0,30,0,none,0,true,2,긴테이블집 | 강의끝포차,현재 점유 중인 테이블 때문에 요청 인원에 맞는 빈 테이블 조합이 부족합니다.
req-00982,30,과 행사 뒤풀이,back_gate,후문,11,20:01,20시대,112,split_ok,일부 분리 가능,difficult,현재 조건에서는 어려움,0,0,후문마당,고깃집,36,4,32,0.8889,12,4,36,1,none,0,true,3,후문마당 | 둥근테이블 | 골목분식포차,현재 점유 중인 테이블 때문에 요청 인원에 맞는 빈 테이블 조합이 부족합니다.
req-00986,30,조모임 뒤풀이,front_gate,정문,5,20:05,20시대,139,together,붙어 앉기 선호,inquiry_recommended,문의 권장,37.8,1,긴테이블집,한식주점,30,6,24,0.8,10,6,30,1,together_single,1,true,1,강의끝포차,빈자리는 있으나 피크 시간대 점유와 테이블 결합 여유가 작아 문의가 필요합니다.
req-00978,30,소규모 술자리,back_gate,후문,4,20:11,20시대,107,together,붙어 앉기 선호,together_likely,같이 앉기 가능성 높음,81.06,3,골목분식포차,분식포차,14,8,6,0.4286,4,4,14,3,together_single,1,false,0,,현재 빈 테이블 기준으로 4인 테이블 1개 배정이 가능합니다.
req-00977,30,동아리 소모임,front_gate,정문,7,20:48,20시대,94,any,같은 매장이면 괜찮음,together_likely,같이 앉기 가능성 높음,85.8,2,긴테이블집,한식주점,30,20,10,0.3333,10,10,30,3,together_single,1,false,0,,현재 빈 테이블 기준으로 10인 긴 테이블 1개 배정이 가능합니다.
req-00999,30,동아리 소모임,station,역 앞,6,20:53,20시대,146,split_ok,일부 분리 가능,difficult,현재 조건에서는 어려움,0,0,조용한룸,이자카야,30,0,30,1,10,0,30,0,none,0,true,2,조용한룸 | 작은잔,현재 점유 중인 테이블 때문에 요청 인원에 맞는 빈 테이블 조합이 부족합니다.
req-00996,30,소규모 술자리,food_street,먹자골목,4,20:56,20시대,131,split_ok,일부 분리 가능,together_likely,같이 앉기 가능성 높음,83.8,2,반칸라운지,라운지,40,16,24,0.6,20,12,40,3,together_single,1,false,0,,현재 빈 테이블 기준으로 4인 테이블 1개 배정이 가능합니다.
req-00992,30,소규모 술자리,station,역 앞,2,21:25,21시대,110,split_ok,일부 분리 가능,inquiry_recommended,문의 권장,47.27,1,작은잔,바,18,4,14,0.7778,4,2,18,2,together_single,1,true,1,조용한룸,빈자리는 있으나 피크 시간대 점유와 테이블 결합 여유가 작아 문의가 필요합니다.
req-00970,30,친구 모임,station,역 앞,3,21:54,21시대,102,together,붙어 앉기 선호,inquiry_recommended,문의 권장,32.57,2,작은잔,바,18,4,14,0.7778,4,2,18,2,split,2,true,2,작은잔 | 조용한룸,붙어 앉기 요청 기준으로는 현재 연속 좌석이 부족합니다.
req-00991,30,친구 모임,back_gate,후문,3,22:09,22시대,80,together,붙어 앉기 선호,together_likely,같이 앉기 가능성 높음,84.77,3,골목분식포차,분식포차,14,10,4,0.2857,4,4,14,4,together_single,1,false,0,,현재 빈 테이블 기준으로 4인 테이블 1개 배정이 가능합니다.
req-00984,30,소규모 술자리,front_gate,정문,3,22:12,22시대,81,split_ok,일부 분리 가능,inquiry_recommended,문의 권장,39.4,1,긴테이블집,한식주점,30,0,30,1,10,0,30,0,together_single,1,true,2,긴테이블집 | 강의끝포차,입장 가능 여부는 매장에 대기/정리 시간을 문의해야 합니다.
req-00993,30,동아리 소모임,front_gate,정문,7,22:21,22시대,136,any,같은 매장이면 괜찮음,inquiry_recommended,문의 권장,43.4,1,긴테이블집,한식주점,30,6,24,0.8,10,6,30,1,together_single,1,true,2,긴테이블집 | 강의끝포차,입장 가능 여부는 매장에 대기/정리 시간을 문의해야 합니다.
req-00969,30,동아리 소모임,station,역 앞,6,22:22,22시대,138,split_ok,일부 분리 가능,inquiry_recommended,문의 권장,39.5,1,조용한룸,이자카야,30,4,26,0.8667,10,4,30,1,together_combined,2,true,2,조용한룸 | 작은잔,입장 가능 여부는 매장에 대기/정리 시간을 문의해야 합니다.
req-00985,30,과 행사 뒤풀이,food_street,먹자골목,13,22:36,22시대,129,any,같은 매장이면 괜찮음,inquiry_recommended,문의 권장,45.88,2,큰마당호프,호프,54,26,28,0.5185,18,16,54,7,together_combined,4,true,1,반칸라운지,빈자리는 있으나 피크 시간대 점유와 테이블 결합 여유가 작아 문의가 필요합니다.
req-00968,30,친구 모임,food_street,먹자골목,3,22:38,22시대,98,together,붙어 앉기 선호,together_likely,같이 앉기 가능성 높음,84.38,2,큰마당호프,호프,54,26,28,0.5185,18,16,54,7,together_single,1,false,0,,현재 빈 테이블 기준으로 4인 테이블 1개 배정이 가능합니다.
req-00995,30,친구 모임,back_gate,후문,4,22:43,22시대,95,split_ok,일부 분리 가능,together_likely,같이 앉기 가능성 높음,84.37,3,골목분식포차,분식포차,14,10,4,0.2857,4,4,14,4,together_single,1,false,0,,현재 빈 테이블 기준으로 4인 테이블 1개 배정이 가능합니다.
req-00989,30,조모임 뒤풀이,campus_nearby,캠퍼스 주변,6,22:51,22시대,111,split_ok,일부 분리 가능,difficult,현재 조건에서는 어려움,0,0,넓은홀식당,식당형 술집,48,4,44,0.9167,18,4,48,1,none,0,true,1,넓은홀식당,현재 점유 중인 테이블 때문에 요청 인원에 맞는 빈 테이블 조합이 부족합니다.
req-00973,30,소규모 술자리,food_street,먹자골목,4,23:04,23시대,98,together,붙어 앉기 선호,together_likely,같이 앉기 가능성 높음,84.78,2,큰마당호프,호프,54,26,28,0.5185,18,12,54,7,together_single,1,false,0,,현재 빈 테이블 기준으로 4인 테이블 1개 배정이 가능합니다.
req-00981,30,동아리 소모임,front_gate,정문,7,23:05,23시대,154,together,붙어 앉기 선호,inquiry_recommended,문의 권장,28.3,1,긴테이블집,한식주점,30,4,26,0.8667,10,4,30,1,split,2,true,2,긴테이블집 | 강의끝포차,입장 가능 여부는 매장에 대기/정리 시간을 문의해야 합니다.
req-00980,30,동아리 전체 모임,front_gate,정문,12,23:14,23시대,161,split_ok,일부 분리 가능,inquiry_recommended,문의 권장,31.2,2,긴테이블집,한식주점,30,8,22,0.7333,10,4,30,2,split,3,true,2,긴테이블집 | 강의끝포차,입장 가능 여부는 매장에 대기/정리 시간을 문의해야 합니다.
req-00975,30,조모임 뒤풀이,campus_nearby,캠퍼스 주변,5,00:13(+1),24시대(0시대),114,together,붙어 앉기 선호,together_likely,같이 앉기 가능성 높음,87.1,1,넓은홀식당,식당형 술집,48,22,26,0.5417,18,18,48,4,together_single,1,false,0,,현재 빈 테이블 기준으로 6인 긴 테이블 1개 배정이 가능합니다.
req-00976,30,친구 모임,campus_nearby,캠퍼스 주변,7,01:01(+1),25시대(1시대),150,any,같은 매장이면 괜찮음,together_likely,같이 앉기 가능성 높음,82.5,1,넓은홀식당,식당형 술집,48,24,24,0.5,18,18,48,5,together_combined,2,false,0,,현재 빈 테이블 기준으로 2개 테이블 결합 배정이 가능합니다.
req-00971,30,친구 모임,food_street,먹자골목,2,01:20(+1),25시대(1시대),117,split_ok,일부 분리 가능,together_likely,같이 앉기 가능성 높음,88.4,2,반칸라운지,라운지,40,24,16,0.4,20,20,40,4,together_single,1,false,0,,현재 빈 테이블 기준으로 4인 테이블 1개 배정이 가능합니다.
req-00979,30,친구 모임,front_gate,정문,3,01:25(+1),25시대(1시대),80,together,붙어 앉기 선호,together_likely,같이 앉기 가능성 높음,80.8,2,긴테이블집,한식주점,30,10,20,0.6667,10,10,30,1,together_single,1,true,1,강의끝포차,현재 빈 테이블 기준으로 10인 긴 테이블 1개 배정이 가능합니다.
req-01000,30,동아리 전체 모임,food_street,먹자골목,9,01:31(+1),25시대(1시대),129,any,같은 매장이면 괜찮음,inquiry_recommended,문의 권장,53.04,1,큰마당호프,호프,54,38,16,0.2963,18,16,54,11,together_combined,3,true,1,반칸라운지,빈자리는 있으나 피크 시간대 점유와 테이블 결합 여유가 작아 문의가 필요합니다.
req-00997,30,친구 모임,station,역 앞,3,01:45(+1),25시대(1시대),112,together,붙어 앉기 선호,together_likely,같이 앉기 가능성 높음,89.6,2,조용한룸,이자카야,30,20,10,0.3333,10,10,30,4,together_single,1,false,0,,현재 빈 테이블 기준으로 4인 테이블 1개 배정이 가능합니다.
